機種名,メーカー,導入月,号機,タイプ
新世紀エヴァンゲリオン,ビスティ,2005年09月,5号機,RT
日本一の桃太郎CT5,ベルコ,2005年10月,5号機,ノーマル
日本一の桃太郎CT30,ベルコ,2005年12月,5号機,ノーマル、30Φ
サクラ大戦,エレコ,2005年10月,5号機,ノーマル
デビルマン「2005年」,エレコ,2005年10月,5号機,RT
ど根性ガエルS,ロデオ,2005年12月,5号機,RT
出ましたハクション大魔王,サミー,2005年11月,5号機,RT
美麗2,バルテック,2006年01月,5号機,ノーマル
はいさい潮姫,エレコ,2005年12月,5号機,ノーマル
信長の野望・天下創世R「2005年」,IGTジャパン,2005年12月,5号機,ノーマル
クラッシュバンディクーS,サミー,2006年02月,5号機,ノーマル
人造人間キカイダーK,平和,2006年02月,5号機,RT
平成カツヲ伝説,ヤーマ,2006年02月,5号機,ノーマル
ニューオアシス,パイオニア,2006年02月,5号機,ノーマル
キューティーハニー,エレコ,2006年02月,5号機,RT
ナースウィッチ小麦ちゃんマジカルて,JPS,2006年02月,5号機,RT
ゴルゴ13ザプロフェッショナル,平和,2006年03月,5号機,AT
ビーバップ,エレコ,2006年02月,5号機,RT
スーパーお父さん,SNKプレイモア,2006年04月,5号機,RT
ロックユークイーン,エレコ,2006年04月,5号機,RT
剣豪!武蔵,エレコ,2006年03月,5号機,RT
ボンバーマンビクトリー,サミー,2006年04月,5号機,RT
ウイニングレッド30,JPS,2006年04月,5号機,ノーマル、30Φ
ウイニングレッド,JPS,2006年04月,5号機,ノーマル
お庭deドン!,バルテック,2006年04月,5号機,RT
ゴールドシオ30,パイオニア,2006年05月,5号機,ノーマル、30Φ
ルーニー・テューンズ:バック・イン・アクション,オリンピア,2006年05月,5号機,RT
サンダーバードNEO,藤商事,2006年06月,5号機,RT
ザ・キング・オブ・ファイターズ,SNKプレイモア,2006年05月,5号機,RT
ロード・オブ・ザ・リング,ビスティ,2006年06月,5号機,ノーマル
ちゅら姫SUN,エレコ,2006年06月,5号機,ノーマル
大江戸漫遊記,ファースト,2006年07月,5号機,ノーマル
新造人間キャシャーン,JPS,2006年07月,5号機,AT、RT
花盛,SNKプレイモア,2006年07月,5号機,RT
じゃりン子チエ,バルテック,2006年07月,5号機,RT
電撃フランケン,エレコ,2006年07月,5号機,RT
ランブルローズ,KPE,2006年08月,5号機,ノーマル
クランキーコンドルX,エレコ,2006年08月,5号機,RT
逮捕しちゃうぞ,IGTジャパン,2006年08月,5号機,RT
球児,SNKプレイモア,2006年09月,5号機,RT
ブリチカ30,パイオニア,2006年09月,5号機,RT、30Φ
南国娘「2006年」,オリンピア,2006年09月,5号機,RT
竹中直人のパチスロ太閤記,ラスター,2006年09月,5号機,RT
大山鳴動漢みちスロ!,ラスター,2006年09月,5号機,RT
快盗天使ツインエンジェル,トリビー,2006年10月,5号機,RT
スロ原人,アビリット,2006年10月,5号機,RT
CSスロ原人,アビリット,2006年10月,5号機,RT
らくちん沖姫,エレコ,2006年09月,5号機,ノーマル
ホークIII30,JPS,2006年10月,5号機,RT、30Φ
ホークIII,JPS,2006年10月,5号機,RT
スパイダーマン2,サミー,2006年10月,5号機,RT
格闘激戦区,エレコ,2006年10月,5号機,RT
ジャックポット・トロピカルバージョン「2006年」,岡崎産業,2006年11月,5号機,ノーマル
バーグラー,メーシー,2006年10月,5号機,ノーマル
餓狼伝説,SNKプレイモア,2006年11月,5号機,AT
ジャックと豆の木,ヤーマ,2006年11月,5号機,ART
小野真弓のかわいい日本昔話,オーイズミ,2006年11月,5号機,ノーマル
怪胴王,アリストクラートテクノロジーズ,2006年11月,5号機,AT、ART、RT
南国娘30「2006年」,オリンピア,2006年10月,5号機,RT、30Φ
リンダの狙いうち,IGTジャパン,2006年12月,5号機,RT
サンダーVスペシャル,エレコ,2006年11月,5号機,RT
めぞん一刻,オリンピア,2006年11月,5号機,RT
美川さそり座のサラリーマン,オーイズミ,2006年11月,5号機,RT
ロッキー・バルボアG,ビスティ,2006年11月,5号機,RT
バトルリーガーX,SANKYO,2007年01月,5号機,RT
コミックワールド沖,バルテック,2006年12月,5号機,AT
アイムジャグラーEX「2007年」,北電子,2007年01月,5号機,ノーマル
モエるまりんバトる,エレコ,2006年12月,5号機,RT
ドカベン「2006年」,ロデオ,2006年12月,5号機,ノーマル
PS行くぜ大工の源さんVD,三洋物産,2007年01月,5号機,RT
アクアビーナス,平和,2006年12月,5号機,ノーマル
嗚呼!我ら日本松柔道部,ラスター,2007年01月,5号機,RT
サクスロ,ラスター,2007年01月,5号機,RT
ビジトジ,銀座,2007年01月,5号機,ノーマル
ぐるぐる爆侍,JPS,2007年01月,5号機,RT
新日本プロレスまでもがパチスロ機,平和,2007年01月,5号機,RT
南国美人,オリンピア,2007年01月,5号機,RT
南国美人30,オリンピア,2007年01月,5号機,RT、30Φ
マリーンギャング,パイオニア,2007年01月,5号機,ノーマル
ジャンジャン年中猛特訓,SNKプレイモア,2007年01月,5号機,RT
スカイラブ「2007年」,SNKプレイモア,2007年02月,5号機,RT
プレイボーイ,山佐,2007年02月,5号機,RT
プレイボーイ30,山佐,2007年02月,5号機,ノーマル、30Φ
ニューハナハナ30,パイオニア,2007年02月,5号機,ノーマル、30Φ
空手バカ一代,オリンピア,2007年01月,5号機,RT
スロット花満開AR1,西陣,2007年03月,5号機,RT
科学忍者隊ガッチャマン,タイヨー,2007年02月,5号機,AT、RT
PIKASLO,ヤーマ,2007年02月,5号機,ノーマル
仮面ライダーDX走れ!スーパーバイク編,サミー,2007年02月,5号機,RT
TIMという名のパチスロ機,平和,2007年02月,5号機,RT
リオパラダイス,ネット,2007年03月,5号機,AT
PSアドリブ王子,三洋物産,2007年02月,5号機,ノーマル
パチスロ鉄拳伝タフ,オーイズミ,2007年02月,5号機,RT
パチスロあっぱれ応援団,藤商事,2007年03月,5号機,RT
リングにかけろ,銀座,2007年03月,5号機,RT
トレジャーパイレーツ,KPE,2007年02月,5号機,RT
ガオガオフェスティバルS,SANKYO,2007年03月,5号機,ノーマル
トレジャーパイレーツ,KPE,2007年03月,5号機,RT
マリンフラッシュ30,アビリット,2007年04月,5号機,ノーマル、30Φ
スロットチャンネルT.V.,アビリット,2007年04月,5号機,RT
機動警察パトレイバー「2007年」,アビリット,2007年05月,5号機,RT
GTO,ビスティ,2007年03月,5号機,ノーマル
ミスターキャッシュマン,アリストクラートテクノロジーズ,2007年03月,5号機,ノーマル
魁!男塾,ロデオ,2007年03月,5号機,ノーマル
お江戸大捜査線,タイヨーエレック,2007年03月,5号機,RT
プレミアムダイナマイト,ロデオ,2007年03月,5号機,ノーマル
わんぱくパイロット大冒険,岡崎産業,2007年03月,5号機,RT
バトルシーザーXXX,ミズホ,2007年03月,5号機,RT
名探偵ホームズ,ビスティ,2007年03月,5号機,RT
ヤッターマン只今参上,平和,2007年03月,5号機,RT
ランボー怒りのパチスロ,オリンピア,2007年03月,5号機,RT
安田大サーカス,バルテック,2007年03月,5号機,RT
ダイナマイトマン,JPS,2007年03月,5号機,ART
革命戦士長州力,トリビー,2007年03月,5号機,ノーマル
ワイルド7,ラスター,2007年03月,5号機,ノーマル
ダンス☆マン,アリストクラートテクノロジーズ,2007年04月,5号機,ART
ゴジラ,サミー,2007年03月,5号機,RT
ミスターマジックネオ,サミー,2007年03月,5号機,ノーマル
アイムジャグラー7,北電子,2007年03月,5号機,ノーマル
スーパーボム,SNKプレイモア,2007年04月,5号機,RT
熊酒場,ネット,2007年04月,5号機,ノーマル
やっぱりいいネ!,エレコ,2007年03月,5号機,RT
ヤッタネハルミチャン,ヤーマ,2007年04月,5号機,ART
ヤッタネハルミチャン2,ヤーマ,2007年04月,5号機,RT
ヤッタネハルミチャン4,ヤーマ,2007年04月,5号機,RT
ヤッタネハルミチャン30,ヤーマ,2007年05月,5号機,RT
ピカゴロウV,山佐,2007年03月,5号機,ノーマル
三國志,IGTジャパン,2007年05月,5号機,RT
アストロ球団,JPS,2007年05月,5号機,AT、ART、RT
シェイクII,大都技研,2007年06月,5号機,ノーマル
三国争覇伝,ラスター,2007年06月,5号機,RT
うる星やつら「2007年」,銀座,2007年05月,5号機,ノーマル
OFF SHORE,ニュー・モンキー,2007年04月,5号機,ノーマル
アントニオ猪木も燃えるパチスロ機,平和,2007年05月,5号機,RT
ドキドキあかずきん,SNKプレイモア,2007年06月,5号機,ノーマル
サムライスピリッツ外伝チャムチャム,SNKプレイモア,2007年07月,5号機,RT
ザ・キング・オブ・ファイターズ2,SNKプレイモア,2007年05月,5号機,RT
バーニングフラワー25,岡崎産業,2007年05月,5号機,RT
バーニングフラワー30,岡崎産業,2007年05月,5号機,RT、30Φ
ハーレムエース「2007年」,ネット,2007年05月,5号機,ノーマル
けものっち!,サミー,2007年05月,5号機,ノーマル
ディスクアップオルタナティブ,サミー,2007年05月,5号機,RT
常夏アロハ,オーイズミ,2007年05月,5号機,ノーマル
トリプルクラウン30,清龍ゲームジャパン,2007年05月,5号機,ノーマル、30Φ
シオラー30VII,パイオニア,2007年04月,5号機,ノーマル
侍ジャイアンツ,ニューギン,2007年06月,5号機,RT
パチスロ ブルース・リー,藤商事,2007年06月,5号機,RT
スター・ウォーズR,SANKYO,2007年06月,5号機,ノーマル
楽シーサーR,SANKYO,2007年06月,5号機,ノーマル
青ドン,ミズホ,2007年06月,5号機,RT
ジャックポットトロピカルバージョン30,岡崎産業,2007年05月,5号機,ノーマル
パチスロ女ねずみ小僧,KPE,2007年06月,5号機,AT、ART
モーニング娘。,ビスティ,2007年06月,5号機,RT
デビル メイ クライ3,ロデオ,2007年06月,5号機,RT
Dooms Day,ファースト,2007年06月,5号機,ノーマル
SASHIBA,トリビー,2007年05月,5号機,RT、30Φ
新世紀エヴァンゲリオン～まごころを、君に～,ビスティ,2007年07月,5号機,RT
ズーマニア,アリストクラートテクノロジーズ,2007年06月,5号機,RT
デジタル所さん,Daiichi,2007年06月,5号機,RT
氷川きよし劇場,バルテック,2007年07月,5号機,ノーマル
電撃ネットワーク,トリビー,2007年07月,5号機,ノーマル
カリビアンクイーン,ネット,2007年07月,5号機,AT
スロット花満開サクラ吹雪タイプ,西陣,2007年06月,5号機,RT
幻獣覇王,IGTジャパン,2007年07月,5号機,RT
華櫻,エマ,2007年06月,5号機,RT
華櫻30,エマ,2007年06月,5号機,ノーマル、30Φ
マリンフラッシュ,アビリット,2007年06月,5号機,ノーマル
機動警察パトレイバーX「2007年」,アビリット,2007年05月,5号機,RT
日本ブレイク工業,平和,2007年07月,5号機,RT
アクアビーナス30,平和,2007年05月,5号機,ノーマル、30Φ
ナチユリ,ニューギン,2007年07月,5号機,ノーマル
BunBunMaru-R,平和,2007年07月,5号機,ノーマル
BunBunMaru-L,平和,2007年07月,5号機,ノーマル
グレートエンペラー,遊人,2007年06月,5号機,ノーマル
ラーメン王,オーイズミ,2007年07月,5号機,RT
力道山,サミー,2007年06月,5号機,RT
仮面ライダーDX回れ!変身ベルト編,サミー,2007年06月,5号機,RT
パチスロ マーベルヒーローズ,タイヨーエレック,2007年07月,5号機,ART、RT
ハワイっ娘,IGTジャパン,2007年07月,5号機,ノーマル
ハワイ,ネット,2007年07月,5号機,ノーマル
マジカルハロウィン,KPE,2007年07月,5号機,ART、RT
夜勤病棟「2007年」,イレブン,2007年06月,5号機,RT
2027「2007年」,JPS,2007年07月,5号機,ART
ラブリーチェリー,エレコ,2007年06月,5号機,RT
スーパーキューティーハニー,エレコ,2007年06月,5号機,RT
ニューパルサーV,山佐,2007年06月,5号機,ノーマル
ファンシーポリス,岡崎産業,2007年07月,5号機,RT
桜姫,ラスター,2007年07月,5号機,RT
漁師・網平,アビリット,2008年09月,5号機,ノーマル
快傑ハリマオ,オリンピア,2007年07月,5号機,RT
俺の名はルパン三世,平和,2007年07月,5号機,RT
がんばれ元気,ヤーマ,2007年07月,5号機,AT、ART
バックトゥザフューチャーα,タイヨー,2007年07月,5号機,ノーマル
ラブリージャグラーA,北電子,2007年07月,5号機,ノーマル
ジャンジャン飯店,コルモ,2007年07月,5号機,RT
ゲッターマウス7R,アルゼ,2007年07月,5号機,RT
学習パチスロ国語,遊人,2007年08月,5号機,ノーマル
卑弥呼伝説R,パレス興業,2007年07月,5号機,RT
パタリロ,アビリット,2007年08月,5号機,RT
めんそーれ2-30,エマ,2007年09月,5号機,RT、30Φ
パチスロ北斗の拳2乱世覇王伝天覇の章,サミー,2007年07月,5号機,RT
セブンボンバーA,バルテック,2007年08月,5号機,ノーマル
ミスターマリック3,ベルコ,2007年08月,5号機,ART
しぇんしぇーのスロットマシーン30,トリビー,2007年08月,5号機,RT、30Φ
パチスロ戦国無双「2007年」,山佐,2007年08月,5号機,ART、RT
信長の野望天下創世第二の刻「2007年」,IGTジャパン,2007年08月,5号機,ノーマル
ハワイ30,ネット,2007年09月,5号機,ノーマル、30Φ
熊酒場30,ネット,2007年09月,5号機,ノーマル、30Φ
ハイサイネオ,トロージャン,2007年09月,5号機,ノーマル
シスタークエスト「2007年」,SNKプレイモア,2007年08月,5号機,RT
ストップ!!ひばりくん!,SANKYO,2007年09月,5号機,RT
KODA KUMI PACHISLOT LIVE IN HALL,SANKYO,2007年09月,5号機,RT
学習パチスロ算数,遊人,2007年09月,5号機,ノーマル
ザ・ドゥーナッツのトンdeピース,ラスター,2007年09月,5号機,RT
ぱちすろおり姫は告知がお好き,銀座,2007年09月,5号機,ノーマル
クレイジージョーカー,清龍ゲームジャパン,2007年09月,5号機,ノーマル
恐怖新聞「2007年」,アリストクラートテクノロジーズ,2007年09月,5号機,ART
ビーキッズクラブR,オリンピア,2007年09月,5号機,ノーマル
THEGOLF,ファースト,2007年08月,5号機,ノーマル、30Φ
サザンドリーム,ネイチャー・アセスメント,2007年09月,5号機,ノーマル
戦慄,エール,2007年09月,5号機,ノーマル
時空大作戦,岡崎産業,2007年09月,5号機,AT、ART
西部警察,ニューギン,2007年09月,5号機,RT
ビッグハイビ-30,パイオニア,2007年09月,5号機,ノーマル、30Φ
ツインビー,KPE,2007年09月,5号機,RT
ちょいスゴ!!アリババインファンタジア,エレコ,2007年09月,5号機,RT
ドリスタ-ミントのヒロイン救出大作戦-,ネット,2007年09月,5号機,ART
春夏秋冬,西陣,2007年09月,5号機,RT
エリア88,イレブン,2007年09月,5号機,RT
コータローまかりとおる!,IGTジャパン,2007年09月,5号機,ART
ナチユリ-30,ニューギン,2007年10月,5号機,ノーマル、30Φ
DECOICHI,タイヨー,2007年09月,5号機,ノーマル
DIGIParadise,デージー,2007年09月,5号機,ノーマル
せみ,オルカ,2007年08月,5号機,ノーマル
バリバリ伝説,平和,2007年09月,5号機,RT
男気!祭野郎,藤興,2007年09月,5号機,ART、RT
マスクオブゾロ,ロデオ,2007年09月,5号機,ノーマル
くりぃむしちゅー,ロデオ,2007年09月,5号機,ノーマル
沖伝説-30,トロージャン,2007年08月,5号機,ノーマル、30Φ
トリプルクラウンS2-30,清龍ゲームジャパン,2007年10月,5号機,ノーマル、30Φ
元祖ハネスロ,オーイズミ,2007年10月,5号機,ノーマル
マッドジー,SNKプレイモア,2007年10月,5号機,ART
パチスロ湘南爆走族,Daiichi,2007年10月,5号機,RT
パチスロ「機動戦士ガンダムII~哀・戦士編~」,山佐,2007年11月,5号機,RT
マジックモンスター2,オリンピア,2007年10月,5号機,RT
超お父さん2,SNKプレイモア,2007年11月,5号機,RT
哲也～雀聖と呼ばれた男～,アリストクラートテクノロジーズ,2007年11月,5号機,ART、RT
南国姉妹-30,アスワン東京,2007年10月,5号機,RT、30Φ
パチってスロット,スパイキー,2007年11月,5号機,ノーマル
NEO花物語,オーイズミ,2007年11月,5号機,RT
スーパービンゴV,ベルコ,2007年11月,5号機,AT、ART
ぴかっとシーサー,デンケン販売,2007年12月,5号機,ノーマル
ビーチクラブ,ビスティ,2007年11月,5号機,RT
華一番,パイオニア,2007年11月,5号機,ノーマル
華一番30,パイオニア,2007年11月,5号機,ノーマル、30Φ
パチスロシティーハンター「2007年」,銀座,2007年11月,5号機,RT
サンバ×サンバ,KPE,2007年12月,5号機,ART、RT
バーチャファイターT,ロデオ,2007年12月,5号機,RT
赤ドン,ミズホ,2007年11月,5号機,ART
CANスロ,オルカ,2007年11月,5号機,ノーマル
ダイナマイトリターンズ,IGTジャパン,2007年12月,5号機,ノーマル
バミューダ,ネイチャー・アセスメント,2007年12月,5号機,ノーマル
ファイアーヒーローS,アトム,2007年11月,5号機,RT
名門!夢色学園生徒会,オーイズミ,2007年12月,5号機,RT
ハナマル!学園奮闘記!,コナミアミューズメント,2007年12月,5号機,ART
学習パチスロ理科,遊人,2007年12月,5号機,ノーマル
伝説の巫女,タイヨーエレック,2008年01月,5号機,RT
インディ・ジョーンズS,SANKYO,2008年01月,5号機,RT
銀河鉄道物語,SANKYO,2008年01月,5号機,RT
餓狼伝説スペシャル,SNKプレイモア,2008年01月,5号機,AT、ART
爆音伝説サクラ,KPE,2008年08月,5号機,RT
まぁさん,ラスター,2007年12月,5号機,ノーマル
新・吉宗,大都技研,2008年01月,5号機,RT
バーチャファイターF,ロデオ,2007年12月,5号機,ART
島育ち,オリンピア,2008年01月,5号機,ノーマル
サンタフェスタV,タイヨー,2008年02月,5号機,RT
パンドラ,アリストクラートテクノロジーズ,2007年12月,5号機,ノーマル
マァサン‐30,アルチザン,2007年12月,5号機,ノーマル、30Φ
ウルトラキューティーハニー3,メーシー,2008年01月,5号機,RT
パチスロ「PLAYBOY」LimitedEdition,山佐,2008年02月,5号機,RT
PSコードネームアスカGB,三洋物産,2008年02月,5号機,RT
マッハGoGoGo2,アリストクラートテクノロジーズ,2008年02月,5号機,ART
スターフルーツ30,ニュー・モンキー,2008年03月,5号機,ノーマル、30Φ
カギヤ30,トリビー,2008年02月,5号機,RT、30Φ
2027X「2008年」,JPS,2008年02月,5号機,ART
パチスロ北斗の拳2ネクストゾーン闘,サミー,2008年02月,5号機,RT
めんそーれ2,エマ,2008年01月,5号機,RT
天下無敵!サラリーマン金太郎,ロデオ,2008年02月,5号機,RT
ニューダイナマイトキッズ25,マツヤ商会,2008年02月,5号機,ノーマル
ニューダイナマイトキッズ30,マツヤ商会,2008年02月,5号機,ノーマル、30Φ
中森明菜スロット伝説X,Daiichi,2008年03月,5号機,RT
アニマル浜口のパチスロは気合ダァ,平和,2008年02月,5号機,RT
パチスロ北斗の拳2ネクストゾーン将,サミー,2008年02月,5号機,RT
リーチ目発見!スロガッパ,エレコ,2008年02月,5号機,RT
押忍!!空手部,イレブン,2008年03月,5号機,ART
モンスターセブン,遊人,2009年04月,5号機,RT
皇帝30,遊人,2008年03月,5号機,ノーマル、30Φ
パチスロクローズ,トリビー,2008年04月,5号機,ART
花伝説30,オリンピア,2008年03月,5号機,ノーマル、30Φ
モグモグ風林火山「2008年」,ネット,2008年04月,5号機,RT
ハナダマシイ,パイオニア,2008年02月,5号機,RT
ハナダマシイ-30,パイオニア,2008年02月,5号機,RT、30Φ
パチスロキン肉マン,山佐,2008年03月,5号機,AT、ART、RT
龍神伝,タイヨー,2008年03月,5号機,RT
真・黄門ちゃま,平和,2008年03月,5号機,RT
ジアマゾンロード,ラスター,2008年03月,5号機,ART、RT
パチスロナイトライダー,銀座,2008年04月,5号機,RT
ジゴロ,SNKプレイモア,2008年03月,5号機,AT、ART、RT
ジャンキージャグラー,北電子,2008年04月,5号機,ノーマル
真・三國無双,オリンピア,2008年03月,5号機,RT
がんばれ元気激闘編,ヤーマ,2008年03月,5号機,AT、ART
LOT7,イープレイ,2008年04月,5号機,ノーマル
GALAXYWING,オーイズミ,2008年04月,5号機,RT
お天気お姉さん,バルテック,2008年04月,5号機,RT
デジスロF,ベルコ,2008年04月,5号機,RT
デジスロV-30,ベルコ,2008年04月,5号機,RT、30Φ
月光仮面,北電子,2008年04月,5号機,ノーマル
エイリアン2,アビリット,2008年04月,5号機,RT
潮風25,ニュー・モンキー,2008年05月,5号機,ノーマル
ビートマニア,KPE,2008年04月,5号機,AT、ART
ミュージックボックス五木ひろし,JPS,2008年05月,5号機,ノーマル
クイージ,コルモ,2008年04月,5号機,RT
パワフルアドベンチャー,SANKYO,2008年05月,5号機,AT、ART
めんそーれ2A-30,エマ,2008年05月,5号機,RT、30Φ
特命係長只野仁,ニューギン,2008年05月,5号機,AT、ART
パチスロリッジレーサー,ニイガタ電子精機,2008年05月,5号機,ART
一騎当千,タイヨー,2008年05月,5号機,RT
アレックス7R,アルゼ,2008年04月,5号機,RT
一騎当千A,タイヨー,2008年05月,5号機,RT
神たま,SNKプレイモア,2008年05月,5号機,RT
シートラッド30,岡崎産業,2008年05月,5号機,ノーマル、30Φ
シートラッド,岡崎産業,2008年04月,5号機,ノーマル
熱血硬派くにおくん,タイヨーエレック,2008年05月,5号機,ART
パチスロ格闘美神ウーロン,サミー,2008年05月,5号機,RT
大繁盛本舗2,オーイズミ,2008年05月,5号機,RT
監獄JACK,アリストクラートテクノロジーズ,2008年05月,5号機,RT
ニューパルサーレッド,山佐,2008年05月,5号機,ノーマル
ドキューン,三洋物産,2008年05月,5号機,RT
ニューパルサーエボリューション,山佐,2008年05月,5号機,ノーマル
スーパージャックポット「2008年」,ヤーマ,2008年07月,5号機,RT
ソニックライブ,ロデオ,2008年05月,5号機,RT
キングガッパ,エレコ,2008年05月,5号機,RT
ご～るでんし～さ～,ラスター,2008年07月,5号機,ノーマル、30Φ
パチスロ「バイオハザード」「2008年」,山佐,2008年07月,5号機,AT、ART、RT
沖らぐーん,ブリッジ,2008年05月,5号機,ノーマル、30Φ
ヒミコスタイル,エール,2008年05月,5号機,RT
アルティメットブレイク拳,ミズホ,2008年05月,5号機,RT
ツインモンキー,ニュー・モンキー,2008年07月,5号機,RT
ジャンジャンカーニバル,SNKプレイモア,2008年07月,5号機,ノーマル
パチスロ桃太郎電鉄,サミー,2008年07月,5号機,ノーマル
ファイアーヒーローII,アトム,2008年05月,5号機,RT
潮風30,ニュー・モンキー,2008年07月,5号機,ノーマル、30Φ
MAX448,ラスター,2008年05月,5号機,RT
スーパールーレット,ネイチャー・アセスメント,2008年07月,5号機,ノーマル
ちゅらそ～れ30,エマ,2008年07月,5号機,ノーマル
ちゅらそ～れ25,エマ,2008年07月,5号機,ノーマル
紅三四郎,JPS,2008年07月,5号機,RT
スーパールーレット30,ネイチャー・アセスメント,2008年07月,5号機,ノーマル、30Φ
スロットレッドライオン,西陣,2008年07月,5号機,ノーマル
満開花桜,ビーム,2008年08月,5号機,RT
ミッション・イン・ポッシブー,マツヤ商会,2008年07月,5号機,RT
花浪漫N30,タイヨー,2008年07月,5号機,ノーマル、30Φ
犬キング,コルモ,2008年08月,5号機,RT
スペシャルハナハナ30,パイオニア,2008年07月,5号機,ノーマル、30Φ
海人,トリビー,2008年08月,5号機,ノーマル
メガラニカ,ラスター,2008年08月,5号機,ノーマル
サムライチャンプルー,ニューギン,2008年08月,5号機,RT
爺サマー,大都技研,2008年07月,5号機,ノーマル
シュート!,JPS,2008年08月,5号機,ART、RT
海人30,トリビー,2008年08月,5号機,ノーマル、30Φ
ゲッターロボ「2008年」,エレコ,2008年07月,5号機,RT
マジシャン,ファースト,2008年08月,5号機,ノーマル
アカネ55,ネット,2008年08月,5号機,RT
春麗にまかせチャイナ,エンターライズ,2008年10月,5号機,RT
バチヘビノッチ,アルゼ,2008年08月,5号機,RT
ザ・ブルーハーツ,銀座,2008年08月,5号機,ART
LOT8,イープレイ,2008年09月,5号機,RT
パチスロ信長の野望オンライン「2008年」,IGTジャパン,2008年08月,5号機,RT
チキチキボカン,オーイズミ,2008年09月,5号機,RT
コリアンドラム30,パラジェーピー,2008年07月,5号機,RT、30Φ
コリアンドラムS2-30,パラジェーピー,2008年07月,5号機,ノーマル、30Φ
イルカ夫人,アビリット,2008年09月,5号機,RT
パチスロ24‐TWENTY,大都技研,2008年09月,5号機,RT
パチスロ機動新撰組萌えよ剣,タイヨーエレック,2008年08月,5号機,RT
花浪漫R30,タイヨー,2008年07月,5号機,ノーマル、30Φ
新世紀エヴァンゲリオン～約束の時～,ビスティ,2008年09月,5号機,RT
パチスロ「バウンティキラー」,山佐,2008年10月,5号機,ART
キャッツ・アイ「2008年」,オリンピア,2008年09月,5号機,ART、RT
怒濤の剣,ミズホ,2008年09月,5号機,ART、RT
豊漁,北電子,2008年10月,5号機,ノーマル
天晴招猫,エマ,2008年10月,5号機,RT
アカギ～永続の闘牌～,藤商事,2008年10月,5号機,ART
ナゴスロ金鯱だがね,ニューギン,2008年10月,5号機,RT
逆境ナイン,三洋物産,2008年10月,5号機,RT
パチスロハードボイルド「2008年」,サミー,2008年10月,5号機,ART
タワラカワラ,ラスター,2008年09月,5号機,RT
まつり屋華恋,フォープ,2008年10月,5号機,ART
天地を喰らう,ロデオ,2008年10月,5号機,RT
完熟チェリー,タイヨー,2008年10月,5号機,ノーマル
巨人の星4青春群像編,アリストクラートテクノロジーズ,2008年11月,5号機,ART、RT
星羅はお告げがお好き,銀座,2008年11月,5号機,ノーマル
赤ジャック30,ヤーマ,2008年10月,5号機,ノーマル、30Φ
赤ジャック,ヤーマ,2008年10月,5号機,ノーマル
パチスロクローズ武装戦線,トリビー,2008年10月,5号機,RT
キャプテンシャーク,KPE,2008年11月,5号機,RT
回胴合体ゴーケンオーV,ネット,2008年11月,5号機,ART
鬼火,ニューギン,2008年11月,5号機,RT
シオサイ30,パイオニア,2008年11月,5号機,RT、30Φ
モンキーモンキー,ヤーマ,2008年11月,5号機,ART
ランブルローズXX,KPE,2008年11月,5号機,ART
パンダーゼット,ラスター,2008年11月,5号機,ART
海遊記,ベルコ,2008年07月,5号機,ART
南国育ち「2008年」,オリンピア,2008年10月,5号機,ART
ハネスロナイツ,オーイズミ,2008年11月,5号機,ノーマル
クラッピーパーク,ビーム,2008年11月,5号機,ART、RT
スロット代紋TAKE2,エレコ,2008年12月,5号機,RT
バックトゥザフューチャーデラックス,ロデオ,2008年11月,5号機,RT
魔界城,岡崎産業,2008年12月,5号機,AT、ART
ハイサイ蝶特急「2008年」,タイヨー,2008年12月,5号機,ART
サイサイ,北電子,2008年11月,5号機,RT
いみそ～れ2ピュアエディション25,エマ,2008年12月,5号機,ノーマル
いみそ～れ2バーニングエディション25,エマ,2008年12月,5号機,RT
いみそ～れ2バーニングエディション30,エマ,2008年12月,5号機,RT、30Φ
鬼浜爆走紅蓮隊,アビリット,2008年12月,5号機,ART
ウルトラマン・ザ・スロット,山佐,2008年12月,5号機,ART
悪魔城ドラキュラ,KPE,2009年01月,5号機,ART
いみそ～れ2ピュアエディション30,エマ,2008年12月,5号機,ノーマル、30Φ
トリプル沖V30,デンケン販売,2008年12月,5号機,ノーマル、30Φ
ぱちスロST行け!稲中卓球部,サミー,2008年12月,5号機,RT
ぱちスロSTゴジラ,サミー,2008年12月,5号機,RT
HAIBいちろう,イープレイ,2008年11月,5号機,RT
シンゾウニンゲン,JPS,2008年12月,5号機,ART
カイジ2,ロデオ,2008年12月,5号機,RT
がんばれ満月姫!,トリビー,2009年01月,5号機,RT
忍魂,大都技研,2009年01月,5号機,ART
パチスロ秘密戦隊ゴレンジャー,SANKYO,2009年01月,5号機,RT
バケーション,ネイチャー・アセスメント,2009年01月,5号機,ノーマル
マキシマムインパクト,SNKプレイモア,2009年01月,5号機,ART
キング・コング,ビスティ,2009年01月,5号機,ART
シャドウハーツII「2008年」,ミズホ,2008年12月,5号機,RT
南国育ち30「2009年」,オリンピア,2009年01月,5号機,ART、30Φ
スペシャルオアシス,パイオニア,2009年01月,5号機,ノーマル
Wキャッツ,ファースト,2009年02月,5号機,ノーマル
甘ぴかっ,オーイズミ,2009年01月,5号機,ART、RT
パチスロ「ケロット」,山佐,2009年01月,5号機,ノーマル
バトルアスリーテス大運動会,ニューギン,2009年02月,5号機,RT
エアマスター,IGTジャパン,2009年02月,5号機,ART
マジカルハロウィンR,KPE,2009年03月,5号機,ART
タコスロ7R,アルゼ,2009年02月,5号機,RT
アイムマジック,パラジェーピー,2009年01月,5号機,ノーマル
スクール☆ウォーズ,銀座,2009年03月,5号機,ART
ラブゲッCHU,岡崎産業,2009年02月,5号機,RT
ダッシュ勝平,オーイズミ,2009年02月,5号機,ART
グレートエンペラーV,遊人,2009年02月,5号機,ノーマル
ドラキュラ,ネット,2009年02月,5号機,ART
宇宙刑事ギャバン,銀座,2009年02月,5号機,ART
JUDOZ,アリストクラートテクノロジーズ,2009年03月,5号機,RT
クラシックジャグラー,北電子,2009年04月,5号機,ノーマル
スーパーリアル麻雀,メーシー,2009年02月,5号機,ART
快盗天使ツインエンジェル2,サミー,2009年03月,5号機,RT
夢花月,山佐,2009年04月,5号機,ART
うまい棒「2009年」,エマ,2009年04月,5号機,RT
スターマンアイズ,SANKO,2009年05月,5号機,ノーマル
プリティ戦記,KPE,2009年04月,5号機,RT
国際サラリーマンとおるくん,KPE,2009年04月,5号機,RT
スカイラブ2～再会の空～,SNKプレイモア,2009年03月,5号機,RT
がんばれゴエモン,KPE,2009年05月,5号機,ART
シーシー,コルモ,2009年04月,5号機,ノーマル
さすがの猿飛,IGTジャパン,2009年04月,5号機,ART
もっと楽シーサー30Φ沖縄バージョン,SANKYO,2009年05月,5号機,ノーマル、30Φ
もっと楽シーサー30Φ全国バージョン,SANKYO,2009年05月,5号機,ノーマル、30Φ
もっと楽シーサー25Φ,SANKYO,2009年05月,5号機,RT
タイムリミット,JPS,2009年05月,5号機,AT、ART
Rio2クルージング・ヴァナディース,ネット,2009年04月,5号機,RT
キングガルフ2,藤興,2009年04月,5号機,ノーマル
BONJOVI,北電子,2009年06月,5号機,ノーマル
エースをねらえ!,オリンピア,2009年04月,5号機,ART
スロットニュートラッド,岡崎産業,2009年05月,5号機,RT
スーパーアロハ,パイオニア,2009年05月,5号機,ノーマル
COBRA‐THE,藤商事,2009年05月,5号機,ART、RT
シオサイV,パイオニア,2009年04月,5号機,RT
パチスロアタックNo.1「2009年」,三洋物産,2009年05月,5号機,RT
銀河豪華客船クイーンギャラクシア,オーイズミ,2009年06月,5号機,RT
琉球王朝30,オルカ,2009年05月,5号機,ノーマル、30Φ
ゲットザランカー,アリストクラートテクノロジーズ,2009年06月,5号機,ART
緑ドン,エレコ,2009年05月,5号機,ART
デュエルドラゴンキングダム,エレコ,2009年05月,5号機,ART
アイムマジックX,パラジェーピー,2009年04月,5号機,ノーマル
琉球浪漫30,タイヨー,2009年05月,5号機,ノーマル、30Φ
天誅,ニューギン,2009年06月,5号機,RT
ニューパルサー3,山佐,2009年05月,5号機,ノーマル
レキオ2‐30,山佐,2009年05月,5号機,ノーマル、30Φ
琉球浪漫25,タイヨー,2009年05月,5号機,ノーマル
ヴァンパイア,エンターライズ,2009年07月,5号機,ART
七色未来,SNKプレイモア,2009年07月,5号機,RT
スーパーセブン,パイオニア,2009年07月,5号機,RT
エマニエル,マツヤ商会,2009年06月,5号機,ノーマル
パチスロ「機動戦士ガンダムIII～めぐりあい宇宙編～」,山佐,2009年07月,5号機,ART
サタデーナイトフィーバー,ビスティ,2009年06月,5号機,ART
大奥浪漫,ラスター,2009年06月,5号機,RT
パチスロうる星やつら2,サミー,2009年06月,5号機,ノーマル
ドキッと!ビキニパイ,ネット,2009年07月,5号機,RT
ハイアップマシンガンバージョン,タイヨー,2009年07月,5号機,ART
絶対衝激,アリストクラートテクノロジーズ,2009年07月,5号機,ART
パチスロ天外魔境,三洋物産,2009年08月,5号機,ART
アイムジャグラーSP,北電子,2009年07月,5号機,ノーマル
ワイルドドッグ,パラジェーピー,2009年06月,5号機,ノーマル
つばさTAKEOFF,コルモ,2009年08月,5号機,AT、ART、RT
ビガーV,エマ,2009年07月,5号機,ノーマル
真・女神転生,タイヨーエレック,2009年08月,5号機,ART
神たま～ARTやで!全員集合～,SNKプレイモア,2009年08月,5号機,ART
パチスロがんばれ!!ロボコン,サミー,2009年08月,5号機,ART
2027II「2009年」,JPS,2009年08月,5号機,ART
サンサンハナハナ30,パイオニア,2009年08月,5号機,ノーマル、30Φ
パチスロめぞん一刻～あなたに会えて、本当によかった～,オリンピア,2009年08月,5号機,ART
シークレットプリンセス,IGTジャパン,2009年09月,5号機,AT、ART
侍ジャイアンツ2,ニューギン,2009年08月,5号機,RT
デコトラの鷲,大都技研,2009年09月,5号機,ART
イケイケめんそーれ30,エマ,2009年09月,5号機,ノーマル、30Φ
スーパーアイムマジックEX,パラジェーピー,2009年09月,5号機,ノーマル
リノNo.5,山佐,2009年09月,5号機,ノーマル
パチスロ交響詩篇エウレカセブン,サミー,2009年09月,5号機,ART
銀河英雄伝説,ミズホ,2009年09月,5号機,AT、ART
スターフルーツプレミアム,ニュー・モンキー,2009年08月,5号機,ノーマル
球児2,SNKプレイモア,2009年10月,5号機,RT
スモモチャン,ニューギン,2009年10月,5号機,ノーマル
KODA KUMI PACHISLOT LIVE IN HALLII,SANKYO,2009年10月,5号機,RT
ハイパールーレット,ネイチャー・アセスメント,2009年10月,5号機,RT
パチスロ遠山の金さん,Daiichi,2009年10月,5号機,AT、ART
青ドン～花火の極～,エレコ,2009年10月,5号機,RT
青ドン～花火の匠～,エレコ,2009年11月,5号機,RT
ドリームJラッシュ,ラスター,2009年09月,5号機,ART
GS美神極楽大作戦!!,アビリット,2009年10月,5号機,RT
ときめきメモリアル,KPE,2009年11月,5号機,ART
マジックスパイス,岡崎産業,2009年10月,5号機,ART
スーパービンゴSP3,ベルコ,2009年11月,5号機,ART
どんまい!!ちゅ～吉,JPS,2009年11月,5号機,ART
パチスロ エイリアンVSプレデター,藤商事,2009年10月,5号機,AT、ART
ベルサイユのばら,タイヨーエレック,2009年10月,5号機,ノーマル
噴火でDON!,トリビー,2009年10月,5号機,ノーマル
ダブルアタック,オーイズミ,2009年10月,5号機,ART
タイムレスキューS,山佐,2009年11月,5号機,ノーマル
タイムレスキュー777,山佐,2009年10月,5号機,RT
Rio2プレミアム,ネット,2009年11月,5号機,ART
島唄,オリンピア,2009年11月,5号機,ART
哲也 新宿VS上野,アリストクラートテクノロジーズ,2009年12月,5号機,ART
ゴールデンベルE,ベルコ,2009年10月,5号機,ノーマル
剣豪,DAXEL,2009年11月,5号機,RT
サラマンダー,ビーム,2009年11月,5号機,ノーマル
アイアムコニシキ,オリンピア,2009年11月,5号機,ART
パチスロリッジレーサー2,ニイガタ電子精機,2009年12月,5号機,ノーマル
炎の熱血教師～清原、健介、北斗編～,ロデオ,2009年12月,5号機,ART
ニュートリプルクラウン30,清龍ゲームジャパン,2010年01月,5号機,ノーマル、30Φ
マジカルハロウィン2,KPE,2010年01月,5号機,ART
ネオン物語,中京遊技,2009年11月,5号機,RT
夢幻の如く,IGTジャパン,2010年01月,5号機,ART
ワンバー1A-30「2009年」,ベルコ,2009年11月,5号機,ART
爆走列島,SNKプレイモア,2009年12月,5号機,ART
パチスロ機動戦艦ナデシコ,SANKYO,2010年01月,5号機,RT
ファイヤービーク,コルモ,2010年01月,5号機,ART
一騎当千2Brilliant,タイヨー,2009年12月,5号機,RT
鴉‐KARAS‐,アビリット,2010年02月,5号機,RT
パチスロスーパー海物語,三洋物産,2010年02月,5号機,ノーマル
パチスロあしたのジョー,サミー,2010年01月,5号機,ART
元祖!大江戸桜吹雪,平和,2010年01月,5号機,ART
ビューティフルジョー,エンターライズ,2010年02月,5号機,ART
バジリスク 甲賀忍法帳,ミズホ,2009年12月,5号機,ART
ピカ吾郎V2,山佐,2010年02月,5号機,ノーマル
島唄RXH-30,オリンピア,2010年01月,5号機,ART、30Φ
バイオレントゾーン,JPS,2010年02月,5号機,ART
BLOOD+,タイヨーエレック,2010年02月,5号機,ART
ゼットゴールドEX,ネット,2010年02月,5号機,ノーマル
列強伝,ラスター,2010年02月,5号機,RT
ハイハイ30,パイオニア,2010年02月,5号機,ノーマル、30Φ
新世紀エヴァンゲリオン～魂の軌跡～,ビスティ,2010年02月,5号機,RT
アフロのモンチ,SNKプレイモア,2010年02月,5号機,ノーマル
みどりのマキバオー「2010年」,平和,2010年02月,5号機,ART
まことちゃん,ヤーマ,2010年03月,5号機,ART、30Φ
スパイガール,KPE,2010年04月,5号機,ART
パチスロひぐらしのなく頃に祭「2010年」,オーイズミ,2010年04月,5号機,RT
パチスロ「宇宙戦艦ヤマト」,山佐,2010年04月,5号機,ART
真田純勇士,ニューギン,2010年02月,5号機,RT
麻雀王利一,タイヨー,2010年03月,5号機,ART
シオサー30,パイオニア,2010年01月,5号機,RT、30Φ
哲也 新宿VS上野DX,アリストクラートテクノロジーズ,2010年02月,5号機,ART
パチスロ ポパイブリッド,サミー,2010年03月,5号機,ART
ノーマルだよ!サブちゃん,オリンピア,2010年03月,5号機,ノーマル
続・お見事!サブちゃん,オリンピア,2010年03月,5号機,ART
満福箱,ラスター,2010年03月,5号機,ノーマル
ハッピージャグラーV,北電子,2010年04月,5号機,ノーマル
シンハッケンデン,コルモ,2010年04月,5号機,ART
2027IINEO「2010年」,JPS,2010年04月,5号機,ART
スーパーマジカルセブン,トリビー,2010年04月,5号機,AT、ART
皆伝丸,アリストクラートテクノロジーズ,2010年04月,5号機,ART
新鬼武者「2010年」,ロデオ,2010年03月,5号機,ART
デジスロA,ベルコ,2010年04月,5号機,ノーマル
鮪伝説,大都技研,2010年03月,5号機,ART
パチスロリッジレーサー447,ニイガタ電子精機,2010年03月,5号機,ノーマル
ファニーサンタ2,タイヨー,2010年04月,5号機,ノーマル
ニューペガサスブラック,エマ,2010年04月,5号機,ノーマル
パチスロ蒼天の拳,サミー,2010年05月,5号機,ART
ヘルズゲート,バルテック,2010年05月,5号機,ART
ゴッドハンターV,SANKYO,2010年06月,5号機,ART
バタフライ,デンケン販売,2010年03月,5号機,ノーマル
メタルスラッグSV‐001,SNKプレイモア,2010年06月,5号機,ART
南国育ちスペシャル,オリンピア,2010年06月,5号機,ART
押忍!操,大都技研,2010年05月,5号機,ART
ガメラZS,ロデオ,2010年06月,5号機,RT
サンサンオアシス,パイオニア,2010年06月,5号機,ノーマル
コウヘイ最凶伝～地獄の閻魔覚醒の刻～,コナミアミューズメント,2010年06月,5号機,ART
南国育ちスペシャル30,オリンピア,2010年06月,5号機,ART、30Φ
ニューパルサーV2,山佐,2010年06月,5号機,ノーマル
SLOTとんでも戦士ムテキング,ミズホ,2010年05月,5号機,AT、ART
科学忍者隊ガッチャマンGR,岡崎産業,2010年07月,5号機,ART
悪魔城ドラキュラII,KPE,2010年05月,5号機,ART、RT
コード・ルージュ,ネット,2010年06月,5号機,ART
マジックライアン,ネイチャー・アセスメント,2010年06月,5号機,ノーマル
戦国物語,ニューギン,2010年06月,5号機,ノーマル
アニマルPB,オルカ,2010年05月,5号機,ノーマル
恐怖新聞～第二章～,アリストクラートテクノロジーズ,2010年06月,5号機,ART
お座敷の茶々,バルテック,2010年07月,5号機,ART
トップをねらえ2!,平和,2010年06月,5号機,ART
幕末浪漫 月華の剣士外伝～あかりと七つの妖珠～,SNKプレイモア,2010年07月,5号機,ノーマル
アイムラッキーパレード,タイヨー,2010年06月,5号機,ノーマル
パチスロ ゴルゴ13～あの男に連絡だ～,オリンピア,2010年07月,5号機,ART
クリエーターMKII‐30,北電子,2010年12月,5号機,ノーマル、30Φ
リングにかけろ1～黄金の日本Jr.編～,タイヨーエレック,2010年09月,5号機,ART
マックスノトリプルクラウンWII‐30,ウィザード,2010年11月,5号機,ノーマル、30Φ
ティーダ2‐30,山佐,2010年08月,5号機,ノーマル、30Φ
ギラギラ爺サマー,大都技研,2010年07月,5号機,ART
アリカの華麗なる空中ブランコ,SNKプレイモア,2010年06月,5号機,ART
ワイルドキャッツ,ラスター,2010年08月,5号機,ART
トリプルC‐30,トロージャン,2010年07月,5号機,ノーマル、30Φ
デビルマンII‐悪魔復活‐,エレコ,2010年08月,5号機,ART
極楽パロディウス,KPE,2010年09月,5号機,ART
アベノ橋魔法商店街,ビスティ,2010年08月,5号機,ART
パチスロスパイダーマン3,サミー,2010年08月,5号機,ART
沖楽,アイウィル,2010年09月,5号機,ノーマル
デルタトリガー,ニューギン,2010年08月,5号機,ART
ルパン三世～ルパン一族の秘宝～,平和,2010年08月,5号機,ART
パチスロピンポン,三洋物産,2010年09月,5号機,ART
パチスロ「ケロット」～スウィートVer.～,山佐,2010年09月,5号機,ノーマル
マイジャグラー,北電子,2010年09月,5号機,ノーマル
茉莉花の剣,ネット,2010年09月,5号機,ART
ロケットパニック,JPS,2010年09月,5号機,ART
極お父さん～舞い降りた天使???～,SNKプレイモア,2010年09月,5号機,ART
出番だ!葉月ちゃん,エレコ,2010年09月,5号機,RT
マッハGoGoGo3,アリストクラートテクノロジーズ,2010年09月,5号機,ART
ビッグシオV「2010年」,パイオニア,2010年09月,5号機,ART
ハナノマイ‐30,パイオニア,2010年08月,5号機,ノーマル、30Φ
天空のシンフォニア,コルモ,2010年09月,5号機,ART
ワニワニパニック～キミのハートをワニづかみ～,Daiichi,2010年09月,5号機,ノーマル
舞‐HiME,岡崎産業,2010年10月,5号機,RT
009‐1,オーイズミ,2011年01月,5号機,ART
ジャイアン～情熱のタイ編～,ラスター,2010年10月,5号機,ART
ニューパルサーV2～ブラックVer.～,山佐,2010年11月,5号機,ノーマル
パチスロ超時空要塞マクロス,SANKYO,2010年11月,5号機,ART
サイボーグ009～地上より永遠に～,コナミアミューズメント,2010年11月,5号機,ART
緑ドンVIVA!情熱南米編,エレコ,2010年12月,5号機,ART
極楽パロディウスA,KPE,2010年10月,5号機,ノーマル
エニィバー,ヤーマ,2010年11月,5号機,RT
エニィバー30,ヤーマ,2010年11月,5号機,RT、30Φ
捕物帳,ベルコ,2010年11月,5号機,ART
アントニオ猪木が元気にするパチスロ機,オリンピア,2010年11月,5号機,ART
月面兎兵器ミーナ,スパイキー,2010年11月,5号機,ART
パチスロ戦国無双～猛将伝～,山佐,2010年11月,5号機,ART
俺の空～蒼き正義魂～,ロデオ,2010年11月,5号機,ART
エピソードドライブ,ニューギン,2010年11月,5号機,RT
スペシャルハナハナII‐30,パイオニア,2010年12月,5号機,ノーマル、30Φ
幻想水滸伝,KPE,2011年01月,5号機,ART
走れメロス,JPS,2010年12月,5号機,ART
ハーレムエース2,ネット,2011年01月,5号機,RT
サクラ大戦3,サミー,2011年01月,5号機,ART
ロンゴロンゴ,アリストクラートテクノロジーズ,2010年12月,5号機,ART
リーチジャック,ヤーマ,2010年08月,5号機,ノーマル
シスタークエスト2～魔剣の騎士と白銀の巫女～,SNKプレイモア,2011年01月,5号機,ノーマル
スーパーコケコケ,ラスター,2010年12月,5号機,ノーマル
NEOイミソーレ‐30,エマ,2011年02月,5号機,ノーマル、30Φ
頑固一徹,アリストクラートテクノロジーズ,2011年02月,5号機,ノーマル
パチスロスーパー海物語IN沖縄,三洋物産,2011年02月,5号機,ノーマル
あっぱれ剣士道,タイヨーエレック,2011年01月,5号機,RT
サムライチャンプルー極,ニューギン,2011年01月,5号機,ART
秘宝伝～封じられた女神～,大都技研,2011年02月,5号機,ART
燃えよ!功夫大戦,山佐,2011年01月,5号機,ART
凄忍,ユニバーサルエンターテインメント,2011年01月,5号機,ART
超重神グラヴィオン,ロデオ,2011年01月,5号機,ART
じゃりン子チエ,バルテック,2011年01月,5号機,ART
キャプテンハーロックG,SANKYO,2011年01月,5号機,ART
一騎当千BB,タイヨー,2011年02月,5号機,ART
楽々温泉記,アイウィル,2011年02月,5号機,ノーマル
幕末維新龍馬烈伝,DAXEL,2011年02月,5号機,ART
パチスロ真・三國無双,オリンピア,2011年02月,5号機,ART
パチスロ 創聖のアクエリオン,SANKYO,2011年03月,5号機,ART
テンションブースター,北電子,2011年03月,5号機,RT
アイムジャグラーAPEX,北電子,2011年03月,5号機,ノーマル
パチスロ「モンキーターン」,山佐,2011年03月,5号機,ART
戦国BASARA2,エンターライズ,2011年02月,5号機,ART
残機尽きるまで私は戦う,トリビー,2011年03月,5号機,ART
GETだ!BILLY,エレコ,2011年03月,5号機,ノーマル
BREAKER,ラスター,2011年02月,5号機,ノーマル
シオサイマックス‐30,パイオニア,2011年02月,5号機,ノーマル、30Φ
モバスロ ヱヴァンゲリヲン～真実の翼～,ビスティ,2011年03月,5号機,RT
パチスロ装甲騎兵ボトムズ,サミー,2011年03月,5号機,ART
パチスロろくでなしBLUES,サミー,2011年02月,5号機,RT
パチスロスーパー海物語IN沖縄30KD,三洋物産,2011年02月,5号機,ノーマル、30Φ
パチスロ鉄拳伝タフ 2nd ROUND,オリンピア,2011年04月,5号機,ART
神たま2,SNKプレイモア,2011年03月,5号機,ART
マジカルハロウィン3,KPE,2011年09月,5号機,ART
G‐SPIN,ユニバーサルエンターテインメント,2011年03月,5号機,ART
ハネスロ リラックマ,オーイズミ,2011年05月,5号機,RT
パチスロ「ぼのぼの」～スウィートver.～,山佐,2011年03月,5号機,RT
ココナナ,ネット,2011年04月,5号機,ART
天下布武2,山佐,2011年04月,5号機,ART
スターマン,SANKO,2011年06月,5号機,RT
レッツドラゴーン,SANKO,2011年06月,5号機,ノーマル
不死鳥 沖圭一郎,エマ,2011年03月,5号機,ノーマル
ドルマッチ,JPS,2011年04月,5号機,ART
ダイナミックサンダーV,エレコ,2011年05月,5号機,RT
VIP ～いただきプロジェクト～,SNKプレイモア,2011年03月,5号機,ART
キングハイビ‐30,パイオニア,2011年06月,5号機,ノーマル
ドラゴノーツ～ザ・レゾナンス～,オリンピア,2011年05月,5号機,ART
雀龍桜花,KPE,2011年05月,5号機,ART
メーメーパラダイス,ラスター,2011年04月,5号機,ノーマル
バリスタゴルフ,アイウィル,2011年05月,5号機,ART
ドラゴンギャル～ルーと伝説の黄金龍～,SNKプレイモア,2011年05月,5号機,ART
サムライ7,ビスティ,2011年05月,5号機,ART
パチスロ 笑ゥせぇるすまん,三洋物産,2011年06月,5号機,ART
蝶々乱舞,オリンピア,2011年06月,5号機,ART
ハネスロ林家一家,オーイズミ,2011年06月,5号機,ART
リオスパ,ネット,2011年06月,5号機,ノーマル
不死鳥 沖圭一郎-30,エマ,2011年03月,5号機,ノーマル、30Φ
プロゴルファー猿,スパイキー,2011年06月,5号機,ART
パチスロエイリヤンビギンズ,サミー,2011年05月,5号機,RT
大逆転,ラスター,2011年06月,5号機,ART
センゴク回胴記,ニューギン,2011年06月,5号機,ART
竜馬翔ける,岡崎産業,2011年07月,5号機,ART
鬼浜外伝 ハヤト疾風伝,コナミアミューズメント,2011年06月,5号機,ART
ミリオンゴッド～神々の系譜～,ミズホ,2011年07月,5号機,ART
サイバードラゴン2,山佐,2011年06月,5号機,ART
トリプルチャンス‐30,ウィザード,2011年07月,5号機,ノーマル、30Φ
スカイラブ3,SNKプレイモア,2011年06月,5号機,ART
ミルキーマーチ,パイオニア,2011年07月,5号機,ノーマル
グラディウス ザ・スロット,KPE,2011年07月,5号機,ART
ぱちすろ黄門ちゃま ～光れ!正義の印籠編!～,オリンピア,2011年07月,5号機,ART
銀と金,タイヨーエレック,2011年08月,5号機,ART
アニマル,ラスター,2011年07月,5号機,ART
ビッグフォーU,ベルコ,2011年07月,5号機,ノーマル
ビッグフォーU‐30,ベルコ,2011年07月,5号機,ノーマル、30Φ
トリプルクラウン25Φ,清龍ゲームジャパン,2011年07月,5号機,ノーマル
ペガサスNEO,エマ,2011年07月,5号機,ノーマル
パチスロ「ウルトラセブン」,山佐,2011年08月,5号機,ART
旋風の用心棒,ロデオ,2011年07月,5号機,ART
政宗,大都技研,2011年08月,5号機,ART
夢夢ワールドDXII,SANKYO,2011年09月,5号機,ART
探偵物語TURBO,オリンピア,2011年09月,5号機,ART
未来少年コナン,ニューギン,2011年09月,5号機,ART
激シーサー,ネット,2011年09月,5号機,ART
マジカルスロット 魔法少女隊アルス,藤商事,2011年09月,5号機,ART
デルピエロ,オーイズミ,2011年09月,5号機,ART
エージェント・クライシス,エレコ,2011年09月,5号機,AT、ART
ウイングマン,オリンピア,2011年09月,5号機,ART
キングハナハナ‐30「2011年」,パイオニア,2011年10月,5号機,ノーマル
REVO,スター,2011年10月,5号機,ノーマル
サムライスピリッツ鬼,SNKプレイモア,2011年10月,5号機,ART
X JAPAN・強行突破,SANKYO,2011年10月,5号機,ART
パチスロ快盗天使ツインエンジェル3,サミー,2011年09月,5号機,RT
パチスロ「ケロット2」,山佐,2011年10月,5号機,ノーマル
バツ&テリー,バルテック,2011年10月,5号機,ART
デートライン銀河3,ラスター,2011年09月,5号機,ART
押忍!番長2,大都技研,2011年10月,5号機,ART
必勝金閣寺物語～古都絢爛～,アビリット,2011年11月,5号機,ART
ラーゼフォン,ロデオ,2011年10月,5号機,ART
がんばれゴエモン2,KPE,2011年11月,5号機,ART
キャッツ・アイ,オリンピア,2011年11月,5号機,ART
赤ドン雅,エレコ,2011年11月,5号機,ART
ミラクルジャグラーK,北電子,2011年11月,5号機,ノーマル
浮浪雲,北電子,2011年11月,5号機,RT
パチスロ北斗の拳 世紀末救世主伝説,サミー,2011年11月,5号機,ART
クロスバレット,ニューギン,2011年11月,5号機,ART
アゲパラ,SANKO,2011年11月,5号機,RT
ストリートファイターIV,エンターライズ,2011年11月,5号機,ART
巨人の星V,アリストクラートテクノロジーズ,2011年11月,5号機,ART
パチスロ「黒ひげ危機一発」,山佐,2011年11月,5号機,ART
PiaキャロットへようこそG.O.,タイヨー,2011年12月,5号機,ART
不二子～100億$の女神～,オリンピア,2012年01月,5号機,RT
クイーンジャック,岡崎産業,2011年11月,5号機,ノーマル
クイーンジャック‐30,岡崎産業,2011年11月,5号機,ノーマル
悪魔城ドラキュラIII,KPE,2012年01月,5号機,ART
トリプルチャンスV‐30,ウィザード,2011年12月,5号機,ノーマル、30Φ
ハイパー娘,SNKプレイモア,2011年12月,5号機,ART
パチスロ鉄拳2nd,山佐,2012年01月,5号機,ART
コンチネンタルV,メーシー,2012年02月,5号機,ART
ぷよぷよ!M,タイヨーエレック,2011年12月,5号機,ART
ブラックラグーン,スパイキー,2012年02月,5号機,ART
パチスロ サクラ大戦3～LOOP Ver.～,サミー,2012年01月,5号機,ART
ToHeart2,タイヨーエレック,2012年02月,5号機,ART
チェリーパラダイス,ソフィア,2012年02月,5号機,ノーマル
世界で叩け!モグモグ風林火山,ネット,2012年02月,5号機,ART
ヱヴァンゲリヲン～生命の鼓動～,ビスティ,2012年02月,5号機,RT
パチスロ ミッションインポッシブル,D-light,2012年02月,5号機,ART
新・ドロンジョにおまかせ,オリンピア,2012年02月,5号機,ART
天誅～Deadly,ニューギン,2012年03月,5号機,ART
シスタークエスト3～黄金の大地と東の勇者～,SNKプレイモア,2012年03月,5号機,ART
夜勤病棟,JIN,2012年02月,5号機,RT
女番長,TAKASAGO,2012年03月,5号機,ART
パチスロ「銀河鉄道999」,山佐,2012年03月,5号機,ART
ニューアイムジャグラーEX,北電子,2012年03月,5号機,ノーマル
パチスロ「モンスターハンター」,ロデオ,2012年03月,5号機,ART
チャレンジマンA,岡崎産業,2012年03月,5号機,ART
フルメタル・パニック!TSR,タイヨーエレック,2012年04月,5号機,ART
一騎当千3,タイヨー,2012年04月,5号機,ART
パチスロ クイーズブレイド流浪の剣士,JPS,2012年04月,5号機,RT
パチスロ マクロスフロンティア,SANKYO,2012年04月,5号機,ART
パチスロ コードギアス反逆のルルーシュ,サミー,2012年05月,5号機,ART
ねぇ～ねぇ～島娘,オリンピア,2012年04月,5号機,ART
真田純勇士すぺしゃる,ニューギン,2012年05月,5号機,ART
トリプルクラウンZERO‐30,清龍ゲームジャパン,2012年04月,5号機,ノーマル、30Φ
オアシス,パイオニア,2012年06月,5号機,ノーマル
パチスロ鉄拳デビルVer.,山佐,2012年05月,5号機,ART
バジリスク～甲賀忍法帖～II,メーシー,2012年06月,5号機,ART
スパイガール2,KPE,2012年05月,5号機,ART
SOLAR7,アイゲート,2012年05月,5号機,RT
スカイラブ4,SNKプレイモア,2012年05月,5号機,ART
スーパー花浪漫‐30,タイヨー,2012年05月,5号機,ノーマル、30Φ
パチスロ 熱血!華成学園ヒーロー部,D-light,2012年05月,5号機,ART
鉄のラインバレル,スパイキー,2012年06月,5号機,ART
パイレーツワールド,大都技研,2012年05月,5号機,ART
それいけ!こすみっくヒーローズ,オーイズミ,2012年06月,5号機,ART
ニューパルサーSP,山佐,2012年06月,5号機,ノーマル
セブンバー30,TAKASAGO,2012年07月,5号機,ノーマル、30Φ
GTO～Limit Break～,ビスティ,2012年06月,5号機,ART
天 ～天和通りの快男児～,藤商事,2012年05月,5号機,ART
アイドルマスターライブインスロット,サミー,2012年06月,5号機,ART
めぞん一刻～夏色の風と～,オリンピア,2012年06月,5号機,ART
シンデレラブレイド,ネット,2012年07月,5号機,ART
餓狼伝説☆双撃,SNKプレイモア,2012年06月,5号機,ART
天空のシンフォニア～光を求めて～,コルモ,2012年07月,5号機,ART
スーパー5,ネイチャー・アセスメント,2012年07月,5号機,ART
パチスロ パトラッシュ,SANKYO,2012年07月,5号機,ART
ドンちゃん祭,エレコ,2012年08月,5号機,ART
シオサイA‐30,パイオニア,2012年07月,5号機,ノーマル、30Φ
メガミリオネア,ラスター,2012年07月,5号機,ART
パチスロ海物語ミラクルマリン,三洋物産,2012年08月,5号機,ART
押忍!!豪炎高校應援團,山佐,2012年08月,5号機,ART
兎‐野性の闘牌‐,ニューギン,2012年08月,5号機,ART
パチスロ喰霊‐零‐,オーイズミ,2012年10月,5号機,ART
マハロ‐30,北電子,2012年08月,5号機,ノーマル、30Φ
マイジャグラーII,北電子,2012年07月,5号機,ノーマル
戦人～上杉謙信～,KPE,2012年08月,5号機,ART
パチスロ聖闘士星矢,三洋物産,2012年09月,5号機,ART
夜王,ビスティ,2012年08月,5号機,ART
パチスロ 覇王伝 零,SANKYO,2012年08月,5号機,ART
クレアの秘宝伝～はじまりの扉と太陽の石～,大都技研,2012年08月,5号機,ノーマル
トロピカーナ‐25,エレコ,2012年09月,5号機,ART
トロピカーナ‐30,エレコ,2012年09月,5号機,ART、30Φ
リングにかけろ1,サミー,2012年09月,5号機,ART
美らがっぱ,藤商事,2012年08月,5号機,ノーマル
ドラゴンハナハナ‐30「2012年」,パイオニア,2012年09月,5号機,ノーマル、30Φ
パチスロキン肉マン～キン肉星王位争奪編～,山佐,2012年10月,5号機,ART
パチスロ 一騎当千XX,バルテック,2012年09月,5号機,ART
2027 リヴァイズ,スター,2012年10月,5号機,ART
キュインぱちすろ南国育ち,オリンピア,2012年10月,5号機,ART
ランブルローズ3D,KPE,2012年11月,5号機,ART
KOF3,SNKプレイモア,2012年10月,5号機,ART
ドカベン,タイヨーエレック,2012年09月,5号機,ART
ニューワンバー‐30,ベルコ,2012年09月,5号機,ART
戦国パチスロ 花の慶次～天に愛されし漢～,ニューギン,2012年10月,5号機,ART
BASTARD!!,DAXEL,2012年11月,5号機,ART
パチスロ大工の源さん～いくぜっ!炎の源祭編～,三洋物産,2013年01月,5号機,ART
ビガーSpecial,エマ,2012年11月,5号機,ART
ビキニパイ2,ネット,2012年11月,5号機,ART
バイオハザード5「2012年」,エンターライズ,2012年12月,5号機,ART
秘宝伝～太陽を求める者達～,大都技研,2012年11月,5号機,ART
戦国コレクション,KPE,2013年01月,5号機,AT
SLOT牙狼,エレコ,2012年12月,5号機,ART
麻雀物語2,オリンピア,2012年11月,5号機,ART
キュロゴス2,山佐,2012年11月,5号機,ART
パチスロ攻殻機動隊S.A.C.,サミー,2012年12月,5号機,AT
ミリオンゴッド‐神々の系譜‐ZEUS ver.～,エレコ,2013年01月,5号機,ART
ゴルゴ13‐薔薇十字団の陰謀‐,オリンピア,2013年01月,5号機,ART
デュアルストーリー,北電子,2013年01月,5号機,ART
ケータイ少女,北電子,2013年01月,5号機,ART
十字架2,ネット,2013年01月,5号機,AT
ヒマワリパラダイス,ソフィア,2013年10月,5号機,ノーマル
ヒマワリパラダイス,ソフィア,2013年01月,5号機,ノーマル
DARKER,SNKプレイモア,2013年01月,5号機,ART
魁!!男塾 ～天挑五輪大武會編～,ロデオ,2013年01月,5号機,AT
パチスロ宇宙戦艦ヤマト2～テレサ、愛の導き～,山佐,2013年01月,5号機,ART
スペシャルジャックポット,岡崎産業,2013年01月,5号機,ノーマル
スカイガールズ～よろしく!ゼロ～,TAKASAGO,2013年02月,5号機,ART
パチスロ らんま1/2,SANKYO,2013年01月,5号機,ART
メガミリオネア,ラスター,2013年02月,5号機,ART
ハイサイ蝶特急2,タイヨー,2013年02月,5号機,ART
メタルスラッグ3,SNKプレイモア,2013年02月,5号機,ART
パチスロ天才バカボン,D-light,2013年02月,5号機,ART
ヴァン・ヘルシング～ハンティングラッシュ～,藤商事,2013年02月,5号機,ART
絶対衝激II,アリストクラートテクノロジーズ,2013年02月,5号機,AT
EVANGELION ART,ビスティ,2013年02月,5号機,ART
ジャグラーガールズ「2013年」,北電子,2013年04月,5号機,ノーマル
パチスロあしたのジョー2,タイヨーエレック,2013年03月,5号機,AT
鬼浜爆走紅蓮隊～友情挽歌編～,ベルコ,2013年04月,5号機,AT
パチスロ戦国無双2,山佐,2013年04月,5号機,AT
スーパーシオ‐30,パイオニア,2013年03月,5号機,ノーマル、30Φ
キンバリー‐30,パイオニア,2013年03月,5号機,ノーマル、30Φ
アントニオ猪木が伝説にするパチスロ機,オリンピア,2013年03月,5号機,ART
パチスロ戦国嵐,三洋物産,2013年04月,5号機,AT
新鬼武者 再臨,ロデオ,2013年03月,5号機,AT
クランキーコレクション,アクロス,2013年03月,5号機,ノーマル
戦国パチスロ信長の野望‐天下創世‐「2013年」,ニューギン,2013年04月,5号機,ART
龍虎の拳,SNKプレイモア,2013年05月,5号機,AT
鬼の城,メーシー,2013年05月,5号機,ART
パチスロ 創聖のアクエリオンⅡ,SANKYO,2013年05月,5号機,ART
キャッツ・アイ‐コレクション奪還作戦,オリンピア,2013年05月,5号機,ART
スーパー花浪漫2‐30,タイヨー,2013年05月,5号機,ノーマル、30Φ
ハローサンタアルティメットマシンガンバージョン,タイヨー,2013年06月,5号機,ART
パチスロ北斗の拳 転生の章,サミー,2013年05月,5号機,AT
まじかるすいーとプリズム・ナナ,DAXEL,2013年05月,5号機,ART
キャプテンパルサー,山佐,2013年05月,5号機,AT
パチスロアタックNo.1～開幕!世界選手権～,三洋物産,2013年06月,5号機,ART
スナイパイ72「2013年」,ネット,2013年06月,5号機,AT
コイコイマハロ‐30,北電子,2013年05月,5号機,ノーマル、30Φ
忍魂弐～烈火ノ章～,大都技研,2013年06月,5号機,ART
パチスロ 空の軌跡 THE ANIMATION,ニューギン,2013年06月,5号機,ART
ドラゴンギャル～修羅の野望～,SNKプレイモア,2013年06月,5号機,AT
パチスロQP,オーイズミ,2013年07月,5号機,AT
美らん娘‐30,岡崎産業,2013年08月,5号機,ノーマル、30Φ
緑ドン～キラメキ!炎のオーロラ伝説～,エレコ,2013年07月,5号機,ART
ぱちスロAKB48,京楽,2013年07月,5号機,ART
ラクラクビスカス,パイオニア,2013年07月,5号機,ノーマル
大漁II,北電子,2013年06月,5号機,ノーマル
みんなのジャグラー,北電子,2013年06月,5号機,ノーマル
パチスロBADBOYS,岡崎産業,2013年07月,5号機,ART
パチスロゼーガペイン,山佐,2013年08月,5号機,AT
魂斗羅3D,KPE,2013年08月,5号機,AT
学園黙示録 ハイスクール・オブ・ザ・デッド,スパイキー,2013年07月,5号機,ART
回胴黙示録カイジ3,ロデオ,2013年08月,5号機,AT
パチスロ 笑ゥせぇるすまん,三洋物産,2013年08月,5号機,ART
パチスロ クイーンズブレイドⅡ 玉座を継ぐ者,JPS,2013年07月,5号機,AT
戦国乙女～剣戟に舞う白き剣聖～,オリンピア,2013年08月,5号機,ART
パチスロRAVE～エンドレスラッシュ～,藤商事,2013年08月,5号機,ART
パチスロ PROJECT ARMS,ニューギン,2013年08月,5号機,ART
2027III,スター,2013年09月,5号機,ART
ボンバーパワフルII,SANKYO,2013年09月,5号機,ART
パチスロ カメレオン,タイヨーエレック,2013年08月,5号機,ART
リバティベルV,アクロス,2013年09月,5号機,ART
レインボースリーセブンS1‐30,ベルコ,2014年09月,5号機,AT、30Φ
なでしこ侍,ネット,2013年09月,5号機,ART
デビルメイクライ4,エンターライズ,2013年09月,5号機,ART
ウルトラマンウォーズ,ビスティ,2013年09月,5号機,ART
ジャックポットドリーム,岡崎産業,2013年08月,5号機,ART
トリプルクラウンスペシャル‐30,清龍ゲームジャパン,2013年08月,5号機,ノーマル、30Φ
Persona4 The SLOT,ニューギン,2013年09月,5号機,ART
パチスロ化物語,サミー,2013年09月,5号機,AT
続・回胴のジャンゴ -地獄の賞金首-,タイヨー,2013年10月,5号機,AT
テイルズ オブ デスティニー,北電子,2013年11月,5号機,ART
戦空のキセキ～SKY LOVE～,SNKプレイモア,2013年10月,5号機,AT
猛虎花形,スパイキー,2013年10月,5号機,AT
クイーンハナハナ‐30,パイオニア,2013年10月,5号機,ノーマル、30Φ
マジカルハロウィン4,KPE,2013年11月,5号機,ART
パチスロ交響詩篇エウレカセブン2,サミー,2013年10月,5号機,AT
戦国パチスロ 花の慶次～これより我ら修羅に入る～,ニューギン,2013年09月,5号機,AT
パチスロラブ嬢,オリンピア,2013年10月,5号機,AT
パチスロ ギルティギア,D-light,2013年11月,5号機,ART
パチスロ タイガーマスク,SANKYO,2013年11月,5号機,ART
パチスロ スタードライバー,山佐,2013年11月,5号機,ART
激闘!西遊記,KPE,2014年01月,5号機,AT
スゴスロ,ネット,2013年11月,5号機,AT
パチスロ湘南純愛組!,ニューギン,2013年11月,5号機,ART
パチスロうみねこのなく頃に,オーイズミ,2014年01月,5号機,RT
吉宗「2013年」,大都技研,2013年12月,5号機,AT
うる星やつら3,銀座,2013年11月,5号機,AT
パチスロ獣王,サミー,2013年11月,5号機,AT
パチスロ クイーンズブレイド闘バージョン,JPS,2013年11月,5号機,AT
パチスロ仮面ライダー UNLIMITED,タイヨーエレック,2013年12月,5号機,AT
シティーハンター,オリンピア,2013年12月,5号機,AT
機動戦士ガンダム,ビスティ,2014年01月,5号機,ART
SLOT魔法少女まどか☆マギカ,メーシー,2013年12月,5号機,ART
ジャックポット「2014年」,ヤーマ,2014年03月,5号機,ノーマル
バジリスク～甲賀忍法帖～絆,エレコ,2014年01月,5号機,AT
パチスロ輪廻のラグランジェ,サミー,2014年01月,5号機,AT
ゲゲゲの鬼太郎～ブラック鬼太郎の野望～,藤商事,2014年02月,5号機,ART
主役は銭形2,オリンピア,2014年01月,5号機,AT
クイーンオアシス,パイオニア,2014年02月,5号機,ノーマル
パチスログラップラー刃牙～最大トーナメント編～,ニューギン,2014年02月,5号機,ART
パチスロ聖闘士星矢,三洋物産,2014年02月,5号機,AT
アナザーゴッドハーデス‐奪われたZEUSver.‐,ミズホ,2014年02月,5号機,AT
ヱヴァンゲリヲン～決意の刻～,ビスティ,2014年01月,5号機,RT
ビッグボーナスX64,タイヨー,2014年03月,5号機,ノーマル
マタドール‐30,北電子,2014年04月,5号機,ノーマル、30Φ
ハッピージャグラーVII,北電子,2014年04月,5号機,ノーマル
ジャックポットドリームプラス,岡崎産業,2014年02月,5号機,ART
ンゴロポポス～ピンチ!捕われの爺～,大都技研,2014年02月,5号機,ART
パチスロ モンキーターンⅡ,山佐,2014年04月,5号機,AT
サムライスピリッツ～剣豪八番勝負～,SNKプレイモア,2014年03月,5号機,AT
喧嘩祭,KPE,2014年04月,5号機,AT
パチスロモンスターハンター月下雷鳴,エンターライズ,2014年03月,5号機,AT
マジックモンスター3,オリンピア,2014年04月,5号機,AT
緑ドンVIVA2,エレコ,2014年04月,5号機,ART
スロット ジャックポット,岡崎産業,2014年03月,5号機,ノーマル
ハイハイハイビ‐30,パイオニア,2014年04月,5号機,ノーマル、30Φ
ニューペガサス,エマ,2014年04月,5号機,ノーマル
パチスロ ロストアイランド,サミー,2014年05月,5号機,AT
パチスロサムライチャンプルー流転輪廻,ニューギン,2014年04月,5号機,ART
パチスロ マクロスフロンティアⅡ,SANKYO,2014年04月,5号機,ART
ハイサイ蝶特急ターボ,タイヨー,2014年05月,5号機,AT
スーパーマリン‐30,オーイズミ,2014年05月,5号機,ノーマル、30Φ
餓狼伝説PREMIUM,SNKプレイモア,2014年05月,5号機,AT
麻雀格闘倶楽部,KPE,2014年05月,5号機,ART
パチスロ ケロット3,山佐,2014年05月,5号機,ノーマル
B‐MAX,アクロス,2014年05月,5号機,RT
メイドルナイト,JIN,2014年05月,5号機,AT
パチスロ戦国乙女～剣戟に舞う白き剣聖～西国参戦編,オリンピア,2014年04月,5号機,ART
シンデレラブレイド2,ネット,2014年09月,5号機,AT
パチスロ御伽屋HANZO,タイヨーエレック,2014年05月,5号機,ART
パチスロ蒼天の拳2,サミー,2014年06月,5号機,AT
テンパイラッシュ,パイオニア,2014年06月,5号機,ノーマル
パチスロ サイボーグ009,三洋物産,2014年06月,5号機,AT
パチスロ鉄拳3rd,山佐,2014年06月,5号機,AT
パチスロまじかる☆タルるートくん,ニューギン,2014年07月,5号機,ART
みどりのマキバオー,オリンピア,2014年07月,5号機,ART
娘娘娘,岡崎産業,2014年07月,5号機,AT
パチスロリング,藤商事,2014年07月,5号機,AT
ぱちスロ 必殺仕事人,京楽,2014年07月,5号機,ART
やじきた道中記乙,メーシー,2014年07月,5号機,AT
パチスロ ヘルシング,北電子,2014年08月,5号機,ART
ワイワイマハロ‐30,北電子,2014年07月,5号機,ノーマル、30Φ
ニューアイムジャグラーEX‐KT,北電子,2014年08月,5号機,ノーマル
パチスロ バーチャファイター,タイヨーエレック,2014年07月,5号機,AT
パチスロ 戦国BASARA3,エンターライズ,2014年08月,5号機,ART
スーパービンゴネオ「2014年」,ベルコ,2014年10月,5号機,AT
押忍!サラリーマン番長,大都技研,2014年08月,5号機,AT
スロット バットマン,エレコ,2014年09月,5号機,ART
ささみさん@がんばらないすろっと,DAXEL,2014年09月,5号機,ART
ドリームジャンボ,JPS,2014年09月,5号機,AT
パチスロ大海物語,三洋物産,2014年09月,5号機,AT
沖ドキ!,アクロス,2014年08月,5号機,AT
沖ドキ!‐30,アクロス,2014年08月,5号機,AT、30Φ
ニューキングハナハナ‐30,パイオニア,2014年09月,5号機,ノーマル、30Φ
パチスロ 三國志,ニューギン,2014年09月,5号機,AT
ブラックラグーン2,スパイキー,2015年03月,5号機,ART
バビロン(with桜丘ショコラ),タイヨー,2014年09月,5号機,ノーマル
戦律のストラタス,コナミアミューズメント,2014年09月,5号機,AT
パチスロ バーストエンジェル,山佐,2014年10月,5号機,AT
パチスロ カウボーイビバップ,オリンピア,2014年10月,5号機,AT
パチスロひぐらしのなく頃に煌,オーイズミ,2014年11月,5号機,AT
パチスロ機動新撰組 萌えよ剣～今宵、花散る～,北電子,2014年12月,5号機,ART
トリプルクラウンZERO1‐30,清龍ゲームジャパン,2014年10月,5号機,ノーマル、30Φ
Dororonえん魔くんメ～ラめら,KPE,2014年12月,5号機,ART
スーパービンゴネオS2‐30,ベルコ,2014年10月,5号機,AT、30Φ
パチスロアレジン,藤商事,2014年11月,5号機,AT
トラッドザレジェンド,岡崎産業,2014年11月,5号機,AT
パチスロ蒼穹のファフナー,SANKYO,2014年12月,5号機,ART
パチスロ黄門ちゃま,オリンピア,2015年01月,5号機,AT
シーマスター ～ララ、旅立ちのプレリュード～,山佐,2014年12月,5号機,AT
サラリーマン金太郎 出世回胴編,ロデオ,2014年12月,5号機,AT
テラシグマ,JPS,2015年01月,5号機,AT
パチスロ アラジンAⅡ,サミー,2015年02月,5号機,AT
真モグモグ風林火山2,ネット,2015年01月,5号機,AT
スーパージャックポット,アクロス,2015年01月,5号機,ノーマル
ニューパルサーデラックス,山佐,2015年01月,5号機,ノーマル
スーパーラクラクビスカス,パイオニア,2015年03月,5号機,ノーマル
ハナビ,アクロス,2015年02月,5号機,RT
戦国コレクション2,KPE,2015年02月,5号機,AT
パチスロコブラ,SNKプレイモア,2015年03月,5号機,ART
麻雀物語3,オリンピア,2015年03月,5号機,AT
パチスロベルセルク,七匠,2015年02月,5号機,ART
パチスロ ゴッドイーター,山佐,2015年04月,5号機,AT
トラッド,ヤーマ,2015年03月,5号機,ノーマル
トラッド480,ヤーマ,2015年03月,5号機,ノーマル
パチスロサイバーブルー,三洋物産,2015年02月,5号機,AT
ゴーゴージャグラーKK,北電子,2015年04月,5号機,ノーマル
コクッチーマスターズ,タイヨー,2015年03月,5号機,ノーマル
まじかるすいーとプリズム・ナナエース,DAXEL,2015年02月,5号機,RT
サイレントメビウス,岡崎産業,2015年04月,5号機,ART
ミリオンゴッド‐神々の凱旋‐,ユニバーサルブロス,2015年03月,5号機,AT
パチスロ 修羅の刻,SANKYO,2015年04月,5号機,AT
沖縄フェスティバル‐30「2015年」,パイオニア,2015年04月,5号機,ノーマル、30Φ
パチスロ おとめ妖怪ざくろ,北電子,2015年06月,5号機,ART
最胸伝奇パイ遊記,ネット,2015年05月,5号機,AT
ドラゴンギャル～双龍の闘い～,SNKプレイモア,2015年05月,5号機,AT
めんそ～れ30,エマ,2015年05月,5号機,ノーマル、30Φ
デビルサバイバー2,オリンピア,2015年05月,5号機,AT
ガン×ソード,TAKASAGO,2015年06月,5号機,AT
パチスロ大工の源さん～桜満開!源DREAM,三洋物産,2015年06月,5号機,AT
吉宗～極～,大都技研,2015年06月,5号機,AT
押し順ケロルン,山佐,2015年06月,5号機,AT
ハイディングドラゴンB,JPS,2015年04月,5号機,ノーマル
煩悩BREAKER禅,山佐,2015年07月,5号機,AT
パチスロ 大工の源さん 桜満開! 源DREAMVer.,三洋物産,2015年07月,5号機,ART
鬼神7,アイゲート,2015年07月,5号機,RT
めんそ～れ,エマ,2015年07月,5号機,ノーマル
イケイケマハロ‐30,北電子,2015年07月,5号機,ノーマル、30Φ
マイジャグラーIII,北電子,2015年07月,5号機,ノーマル
パチスロ アスラズラース,エンターライズ,2015年06月,5号機,ART
ヱヴァンゲリヲン 希望の槍,ビスティ,2015年06月,5号機,ART
サマージャンボ,JPS,2015年07月,5号機,AT
パチスロ ストライクウィッチーズ,オーイズミ,2015年08月,5号機,AT
ジャッカスチーム,大都技研,2015年07月,5号機,ART
乙女魂～光と無月～,TAKASAGO,2015年08月,5号機,ART
SLOTシャドウハーツII‐運命の道標‐,ユニバーサルブロス,2015年08月,5号機,ART
スカイガールズ～ゼロ、ふたたび～,TAKASAGO,2015年08月,5号機,ART
ガリンポ‐30,エマ,2015年08月,5号機,ノーマル、30Φ
パチスロ北斗の拳 強敵,サミー,2015年08月,5号機,AT
パチスロ聖闘士星矢～女神聖戦～,三洋物産,2015年08月,5号機,ART
サンダーVリボルト,アクロス,2015年08月,5号機,ノーマル
パチスロ マクロスフロンティア2 Bonus Live ver.,SANKYO,2015年08月,5号機,ART
ハナハナホウオウ‐30,パイオニア,2015年09月,5号機,ノーマル、30Φ
サイレントヒル,TAKASAGO,2015年09月,5号機,AT
パチスロクジラッキー,三洋物産,2015年09月,5号機,AT
プレミアムビンゴ,ベルコ,2015年10月,5号機,AT
ビーストバスターズ,SNKプレイモア,2015年10月,5号機,ART
Zゴールド・インフィニティ,ネット,2015年09月,5号機,AT
キングジャック,アクロス,2015年09月,5号機,ノーマル
パチスロ ルパン三世 ロイヤルロード~金海に染まる黄金神殿~,オリンピア,2015年09月,5号機,AT
アスラズラース,エンターライズ,2015年09月,5号機,ART
銀河機攻隊 マジェスティックプリンス,D-light,2015年10月,5号機,AT
パチスロ ベヨネッタ,サミー,2015年09月,5号機,AT
パチスロ 無双OROCHI,山佐,2015年09月,5号機,AT
パチスロ地獄少女,藤商事,2015年10月,5号機,ART
パチスロ デッドマン・ワンダーランド,北電子,2015年10月,5号機,ART
戦国パチスロ花の慶次～戦極めし傾奇者の宴～,エキサイト,2015年10月,5号機,ART
パチスロヤッターマン,三洋物産,2015年11月,5号機,ART
ハイスクールD×D,KPE,2015年10月,5号機,ART
パチスロ IS<インフィニット・ストラトス>,SANKYO,2015年10月,5号機,ART
想定科学パチスロ STEINS;GATE~廻転世界のインダクタンス~,オーイズミ,2015年10月,5号機,AT
パチスロ銀と金2,タイヨーエレック,2015年11月,5号機,ART
パチスロ龍が如く OF THE END,タイヨーエレック,2015年10月,5号機,AT
パチスロ ゴッドイーター荒神Ver.,山佐,2015年09月,5号機,AT
パチスロ ガールズ&パンツァー,オリンピア,2015年10月,5号機,AT
パチスロ 機甲戦記ドラグナー,サミー,2015年10月,5号機,AT
スーパーブラックジャック2,ネット,2015年11月,5号機,ART
パチスロ百花繚乱サムライガールズ「2015年」,DAXEL,2015年10月,5号機,AT
ぱちスロAKB48,京楽,2015年10月,5号機,ART
パチスロ鬼武者3,サミー,2015年11月,5号機,AT
パチスロ ああっ女神さまっ,D-light,2015年11月,5号機,ART
ニュートリプルクラウン3‐30,清龍ゲームジャパン,2015年11月,5号機,ノーマル、30Φ
ヱヴァンゲリヲン・魂を繋ぐもの,ビスティ,2015年11月,5号機,ノーマル
秘宝伝～伝説への道～,大都技研,2015年12月,5号機,ART
デビルマンIII‐悪魔ノ黙示録‐,エレコ,2015年11月,5号機,ART
ラッキージャックポット,岡崎産業,2016年01月,5号機,ノーマル
ペガッパ,エマ,2015年12月,5号機,ノーマル
リノ,山佐,2015年12月,5号機,ノーマル
戦国乙女2～深淵に輝く気高き将星～,オリンピア,2016年01月,5.5号機,AT
パチスロ 機動戦士ガンダム 覚醒‐Chained battle‐,ビスティ,2016年01月,5.5号機,ART
まつりば!,大都技研,2016年02月,5.5号機,ART
マジカルハロウィン5,KPE,2016年02月,5.5号機,ART
パチスロ緋弾のアリア,藤商事,2016年01月,5.5号機,ART
キュインハナチャン‐25,ニューギン,2016年01月,5.5号機,ノーマル
キュインハナチャン‐30,ニューギン,2016年01月,5.5号機,ノーマル、30Φ
スーパーオアシス,パイオニア,2016年01月,5.5号機,ノーマル
沖ドキ!トロピカル,ユニバーサルブロス,2016年01月,5.5号機,AT
南海花浪漫‐30,タイヨー,2016年03月,5.5号機,ノーマル、30Φ
ACHISLOT NINJA GAIDEN,七匠,2016年02月,5.5号機,AT
十字架3,ネット,2016年03月,5.5号機,AT
パチスロ鉄拳3rd,山佐,2016年03月,5.5号機,AT
パチスロ偽物語,サミー,2016年02月,5.5号機,ART
パチスロ 機動警察パトレイバー,北電子,2016年04月,5.5号機,AT
プチマーメイド,北電子,2016年04月,5.5号機,ノーマル
キングパルサー~DOT PULSAR~,山佐,2016年04月,5.5号機,AT
パチスロひぐらしのなく頃に 絆,D-light,2016年02月,5.5号機,ART
ユルビスカス‐30,パイオニア,2016年03月,5.5号機,ノーマル、30Φ
南国物語,オリンピア,2016年03月,5.5号機,AT
めんそーれ30黄金守護神,エマ,2017年08月,5.5号機,ノーマル、30Φ
バガナックルー,大都技研,2016年03月,5.5号機,AT
ゲッターマウス,アクロス,2016年03月,5.5号機,ノーマル
ミラクル,エレコ,2016年03月,5.5号機,AT
沖ドキ!トロピカル‐30,アクロス,2016年03月,5.5号機,AT、30Φ
パチスロ ウルトラマン,七匠,2016年03月,5.5号機,ノーマル
ニューチバリヨ,ネット,2016年04月,5.5号機,AT
ニューチバリヨ‐30,ネット,2016年04月,5.5号機,AT、30Φ
探偵歌劇 ミルキィホームズ TD 消えた7と奇跡の歌,DAXEL,2016年04月,5.5号機,ART
パチスロ マブラヴ オルタネイティヴ トータル・イクリプス,SANKYO,2016年04月,5.5号機,ART
スーパーストリートファイターIV パチスロエディション,エンターライズ,2016年04月,5.5号機,ART
コクッチーブラック,タイヨー,2016年05月,5.5号機,ノーマル
めぞん一刻 桜の下で,オリンピア,2016年05月,5.5号機,RT
アステカ‐太陽の紋章‐,エレコ,2016年04月,5.5号機,ART
パチスロコードギアス 反逆のルルーシュR2,サミー,2016年05月,5.5号機,ART
ナイツ2,山佐,2016年05月,5.5号機,ノーマル
スーパーリノMAX,山佐,2016年04月,5.5号機,ノーマル
パチスロ ビッグドリームinロストアイランド2,タイヨーエレック,2016年06月,5.5号機,ノーマル
秘宝伝～TheLast～,大都技研,2016年05月,5.5号機,AT
元祖ハネスロ再び,オーイズミ,2016年06月,5.5号機,RT
ドリームハナハナ‐30,パイオニア,2016年06月,5.5号機,ノーマル、30Φ
南国物語SPECIAL,オリンピア,2016年06月,5.5号機,ノーマル
パチスロ 翠星のガルガンティア,D-light,2016年05月,5.5号機,ART
沖ドキ!パラダイス‐25,ユニバーサルブロス,2016年06月,5.5号機,AT
沖ドキ!パラダイス‐30,アクロス,2016年06月,5.5号機,AT、30Φ
ファンキージャグラー,北電子,2016年07月,5.5号機,ノーマル
真田純勇士～ラブストライク～,エキサイト,2016年06月,5.5号機,ART
ぱちスロ テラフォーマーズ,京楽,2016年06月,5.5号機,ART
A‐SLOT北斗の拳 将,サミー,2016年06月,5.5号機,RT
A‐SLOT偽物語,サミー,2016年06月,5.5号機,RT
パチスロ ルパン三世~消されたルパン~,オリンピア,2016年07月,5.5号機,ART
パチスロ バルタン星人,七匠,2016年06月,5.5号機,ノーマル
セブンスビート,KPE,2016年07月,5.5号機,ノーマル
パチスロ「メタルギア ソリッド スネークイーター」,KPE,2016年10月,5.5号機,ART
スーパープラネットデラックス,山佐,2016年08月,5.5号機,RT
クレアの秘宝伝～眠りの塔とめざめの石～,大都技研,2016年08月,5.5号機,RT
バーサス,アクロス,2016年07月,5.5号機,RT
パチスロ 戦姫絶唱シンフォギア,SANKYO,2016年08月,5.5号機,ART
トリプルクラウンG‐30,清龍ゲームジャパン,2016年06月,5.5号機,ノーマル、30Φ
クイーンジャックネオ,岡崎産業,2016年08月,5.5号機,ノーマル
パチスロBLOOD+ 二人の女王,タイヨーエレック,2016年09月,5.5号機,ART
パチスロ ロスト プラネット2,オリンピア,2016年08月,5.5号機,ART
デビル メイ クライ クロス,エンターライズ,2016年07月,5.5号機,ART
プリシラと魔法の本,ネット,2016年10月,5.5号機,ART
乱嵐エイサー‐30,オーイズミ,2016年09月,5.5号機,ノーマル、30Φ
マタドールII‐30,北電子,2016年08月,5.5号機,ノーマル、30Φ
SLOTデッド オア アライブ5,ユニバーサルブロス,2016年08月,5.5号機,ART
パチスロ未来日記,エキサイト,2016年09月,5.5号機,ノーマル
パチスロスーパー海物語IN沖縄2,三洋物産,2016年09月,5.5号機,ノーマル
パチスロ北斗の拳 修羅の国篇,サミー,2016年09月,5.5号機,ART
パチスロ ロード オブ ヴァーミリオン,七匠,2016年10月,5.5号機,ART
天下布武3,山佐,2016年09月,5.5号機,ART
SLOT魔法少女まどか☆マギカ2(まどマギ2),メーシー,2016年09月,5.5号機,ART
3×3EYES～聖魔覚醒～,大都技研,2016年09月,5.5号機,ノーマル
もっと!沖縄フェスティバル‐30「2016年」,パイオニア,2016年09月,5.5号機,ノーマル、30Φ
マハラJA,デンケン販売,2016年09月,5.5号機,RT
パチスロ 貞子3D,ニューギン,2016年10月,5.5号機,ART
ニューアイムジャグラーEX‐KA,北電子,2016年09月,5.5号機,ノーマル
パチスロ ウィッチマスター,山佐,2016年11月,5.5号機,ART
パチスロ薄桜鬼蒼焔録,D-light,2016年11月,5.5号機,ノーマル
パチスロ 凪のあすから,ネット,2016年11月,5.5号機,RT
麻雀格闘倶楽部2,KPE,2016年11月,5.5号機,ART
クランキーセレブレーション,アクロス,2016年10月,5.5号機,ノーマル
パチスロ火曜サスペンス劇場,タイヨーエレック,2016年11月,5.5号機,RT
パチスロ モンスターハンター~狂竜戦線~,エンターライズ,2016年12月,5.5号機,ART
SHAKEIII,大都技研,2016年12月,5.5号機,ART
パチスロ ウィッチクラフトワークス,DAXEL,2016年11月,5.5号機,ART
パチスロ ロリポップチェーンソー,藤商事,2016年12月,5.5号機,ART
パチスロ 涼宮ハルヒの憂鬱,SANKYO,2016年12月,5.5号機,ART
パチスロ犬夜叉「2016年」,ロデオ,2016年12月,5.5号機,ART
スーパービンゴリゾート,ベルコ,2016年12月,5.5号機,ART
パチスロニュースモモチャンEX,ニューギン,2016年12月,5.5号機,ノーマル
パチスロニュースモモチャンEX‐30,ニューギン,2016年12月,5.5号機,ノーマル、30Φ
シスタークエスト～時の魔術師と悠久の姉妹～,アイゲート,2017年01月,5.5号機,ART
SLOTバジリスク～甲賀忍法帖～III,エレコ,2016年11月,5.5号機,ART
押忍!番長3,大都技研,2017年03月,5.5号機,ART
パチスロ エウレカセブンAO,サミー,2017年01月,5.5号機,ART
TVアニメーション弱虫ペダル,オリンピア,2017年01月,5.5号機,ART
パチスロZETMAN,エキサイト,2017年01月,5.5号機,ART
パチスロ牙狼‐守りし者‐,サミー,2017年02月,5.5号機,ART
オアシスデイズ,パイオニア,2017年01月,5.5号機,ノーマル
GI優駿倶楽部,KPE,2017年02月,5.5号機,ART
パチスロJAWS~it's a SHARK PANIC~,オリンピア,2017年02月,5.5号機,ART
SLOTスターオーシャン4,ユニバーサルブロス,2017年01月,5.5号機,ART
パチスロおそ松さん,D-light,2017年02月,5.5号機,ノーマル
パチスロ ソウルキャリバー,山佐,2017年01月,5.5号機,ART
ニューペガサスR,エマ,2016年12月,5.5号機,ノーマル
パチスロ モンキーターンIII,山佐,2017年02月,5.5号機,ART
ヱヴァンゲリヲン・勝利への願い,ビスティ,2017年02月,5.5号機,ART
ャックポット トロピカルバージョン2,岡崎産業,2017年02月,5.5号機,ノーマル
パチスロマジンガーZ,エキサイト,2017年02月,5.5号機,ART
ドリスタせかんど,ネット,2017年03月,5.5号機,ART
パチスロ宇宙戦艦ヤマト2199,サミー,2017年02月,5.5号機,ART
防空少女ラブキューレ,KPE,2017年03月,5.5号機,ART
アイムジャグラーEX AnniversaryEdition,北電子,2017年03月,5.5号機,ノーマル
パチスロ 輪るピングドラム,北電子,2017年03月,5.5号機,ART
パパチスロ ビビッドレッド・オペレーション,三洋物産,2017年03月,5.5号機,ART
パチスロ ゼクスイグニッション,オリンピア,2017年03月,5.5号機,ART
パチスロ みんなで楽シーサー,SANKYO,2017年03月,5.5号機,ノーマル
パチスロ攻殻機動隊S.A.C. 2nd GIG,サミー,2017年03月,5.5号機,ART
鬼浜爆走紅蓮隊 愛,ベルコ,2017年04月,5.5号機,ART
パチスロ 機動戦士Zガンダム,ビスティ,2017年04月,5.5号機,ART
アナザーゴッドポセイドン‐海皇の参戦‐,エレコ,2017年03月,5.5号機,ART
ドキドキマンゴー‐25,パイオニア,2017年04月,5.5号機,ノーマル
ドキドキマンゴー‐30,パイオニア,2017年04月,5.5号機,ノーマル、30Φ
パチスロ キン肉マン ~夢の超人タッグ編~,山佐,2017年04月,5.5号機,ART
パチスロ恵比寿マスカッツ,エキサイト,2017年04月,5.5号機,ART
パチスロ獣王 王者の覚醒,サミー,2017年04月,5.5号機,ART
ラッキーベガス,KPE,2017年05月,5.5号機,ART
パチスロ ラストエグザイル‐銀翼のファム‐,オーイズミ,2017年05月,5.5号機,AT、ART
パチスロ マクロスフロンティア3,SANKYO,2017年04月,5.5号機,ART
パチスロサクラ大戦～熱き血潮に～,サミー,2017年05月,5.5号機,ART
パチスロおそ松くん,D-light,2017年04月,5.5号機,ART
パチスロ 呪怨,藤商事,2017年05月,5.5号機,ART
ぱちスロ 水戸黄門,京楽,2017年04月,5.5号機,ART
タイムクロス2,山佐,2017年05月,5.5号機,ノーマル
ハッピージャックポット,岡崎産業,2017年05月,5.5号機,ノーマル
SLOTアカギ～闇に降り立った天才～,メーシー,2017年04月,5.5号機,ART
賞金首2,ネット,2017年05月,5.5号機,ART
パチスロ 黒神 The Animation,オリンピア,2017年05月,5.5号機,ART
パチスロ グラップラー刃牙N,七匠,2017年05月,5.5号機,ART
パチスロ テイルズ オブ シンフォニア,北電子,2017年06月,5.5号機,ART
スーパーミラクルジャグラー,北電子,2017年06月,5.5号機,ノーマル
ロイヤルマハロ‐30,北電子,2017年07月,5.5号機,ノーマル、30Φ
悪魔城ドラキュラ～ロードオブシャドウ～,KPE,2017年07月,5.5号機,ART
パチスロ 逆転裁判,エンターライズ,2017年05月,5.5号機,ART
パチスロツインエンジェルBREAK,サミー,2017年06月,5.5号機,ART
忍魂 ~暁ノ章~,大都技研,2017年05月,5.5号機,ART
パチスロ そらのおとしものフォルテ,DAXEL,2017年07月,5.5号機,ART
パチスロ 結城友奈は勇者である,DAXEL,2017年07月,5.5号機,ART
パチスロ信長の野望‐創造‐Z,エキサイト,2017年06月,5.5号機,ART
ドリームジャンボEE,JPS,2017年06月,5.5号機,RT
パチスロ 閃乱カグラ,オーイズミ,2017年07月,5.5号機,ART
パチスロ ベン・トー ~半額弁当争奪戦!!~,バルテック,2017年06月,5.5号機,ART
ぱちスロ アベンジャーズ,オッケー.,2017年05月,5.5号機,ART
ぱちスロ PSYCHO‐PASS サイコパス,京楽,2017年06月,5.5号機,ART
A‐SLOT エイリヤンエボリューション,サミー,2017年07月,5.5号機,RT
SLOTギルティクラウン,エレコ,2017年06月,5.5号機,ART
グレートキングハナハナ‐30,パイオニア,2017年07月,5.5号機,ノーマル、30Φ
ハイパーリノ,山佐,2017年06月,5.5号機,ノーマル
パチスロ聖闘士星矢 海皇覚醒,三洋物産,2017年07月,5.5号機,ART
熊酒場2丁目店,ネット,2017年07月,5.5号機,ノーマル
しすくえパラダイス,アイゲート,2017年07月,5.5号機,RT
ケロロ軍曹,大都技研,2017年06月,5.5号機,ART
パチスロガールフレンド(仮)～聖櫻学園メモリアル～,オリンピア,2017年07月,5.5号機,ART
チスロ アクエリオンEVOL,SANKYO,2017年07月,5.5号機,ART
パチスロ リング 終焉ノ刻,藤商事,2017年06月,5.5号機,ART
パパチスロ バイオハザード リベレーションズ,エンターライズ,2017年07月,5.5号機,ART
TRAD THUNDER BLACK,岡崎産業,2017年07月,5.5号機,ノーマル
燃えよ!功夫淑女 ドラゴン,山佐,2017年07月,5.5号機,ART
ピンクベル/C3,ベルコ,2017年06月,5.5号機,ART
ラグナロクサーガ,メーシー,2017年07月,5.5号機,ART
SHAKEIII SIDE‐A,大都技研,2017年07月,5.5号機,RT
戦国パチスロ花の慶次～天を穿つ戦槍～,エキサイト,2017年08月,5.5号機,ART
ワンバーワン‐30,ベルコ,2017年07月,5.5号機,ART、30Φ
アイムジャグラーEX‐AE,北電子,2017年08月,5.5号機,ノーマル
パチスロ 世界でいちばん強くなりたい!,藤商事,2017年07月,5.5号機,ART
神の左手,アイゲート,2017年08月,5.5号機,ART
ワンバーワン‐25,ベルコ,2017年08月,5.5号機,ART
パチスロ ロボットガールズZ,バルテック,2017年08月,5.5号機,ART
戦国乙女～TYPE‐A～,オリンピア,2017年08月,5.5号機,RT
ぱちスロ 仮面ライダーBLACK,京楽,2017年08月,5.5号機,ART
ぱちスロAKB48 勝利の女神,京楽,2017年08月,5.5号機,ART
パチスロ ゴルゴ13S,SANKYO,2017年09月,5.5号機,ART
トリプルクラウン ZERO II‐30,清龍ゲームジャパン,2017年07月,5.5号機,ノーマル、30Φ
シンデレラブレイド3,ネット,2017年09月,5.5号機,ART
政宗2,大都技研,2017年07月,5.5号機,ART
パチスロ北斗の拳 新伝説創造,サミー,2017年09月,5.5号機,ART
パチスロ笑ゥせぇるすまん3～笑撃のドーン～,三洋物産,2017年09月,5.5号機,ART
パチスロ セイクリッドセブン,山佐,2017年09月,5.5号機,ART
イノキロードトゥゴッド,ミズホ,2017年08月,5.5号機,ART
パチスロ 討鬼伝,七匠,2017年08月,5.5号機,ART
パチスロ 亜人,オリンピア,2017年09月,5.5号機,ART
パチスロ蒼き鋼のアルペジオ,タイヨーエレック,2017年09月,5.5号機,ART
トロピカルKISS,アイゲート,2017年09月,5.5号機,RT
トロピカルKISS,アイゲート,2017年09月,5.5号機,RT
紅き魂は桜の如く,ベルコ,2017年09月,5.5号機,ART
パチスロ イースI&II,ロデオ,2017年09月,5.5号機,ART
パチスロ 闘え!サラリーマン,ロデオ,2017年09月,5.5号機,ART
ぱちスロ ウルトラセブン,オッケー.,2017年09月,5.5号機,ART
想定科学パチスロ Steins;Gate 廻転世界のインダクタンス ランヴォア,オーイズミ,2017年09月,5.5号機,RT
パチスロ 地獄少女 宵伽,藤商事,2017年09月,5.5号機,ART
パチスロ織田信奈の野望,D-light,2017年08月,5.5号機,ART
乱嵐エイサーver.100,オーイズミ,2017年09月,5.5号機,ノーマル
アメイジング・スパイダーマン,ミズホ,2017年09月,5.5号機,ART
回胴性ミリオンアーサー,ミズホ,2017年09月,5.5号機,ART
SLOTデビルマンΧ,エレコ,2017年09月,5.5号機,ART
イミソーレ3V‐30,エマ,2017年08月,5.5号機,ノーマル、30Φ
盗忍!剛衛門,大都技研,2017年09月,5.5号機,ART
SLOT魁!!男塾,ミズホ,2017年09月,5.5号機,ART
YASUDA7,JPS,2017年09月,5.5号機,ノーマル
戦国コレクション3,KPE,2017年11月,5.9号機,ART
ワンダークーちゃん,山佐,2017年09月,5.5号機,ノーマル
グレートキングハナハナ,パイオニア,2017年11月,5.5号機,ノーマル
ニューパルサーSPII,山佐,2017年11月,5.9号機,ノーマル
パチスロ ブラックラグーン3,七匠,2017年12月,5.9号機,ART
パチスロ ゴッドイーター2,山佐,2017年12月,5.9号機,ART
まめ,ベルコ,2017年12月,5.5号機,ノーマル
SLOT魔法少女まどか☆マギカA,エレコ,2017年12月,5.9号機,ノーマル
タロットエンペラー,ユニバーサルブロス,2017年11月,5.9号機,RT
鬼若弁慶,ボーダー,2018年02月,5.9号機,ノーマル
南国物語TYPE‐A,オリンピア,2018年01月,5.9号機,ノーマル
イミソーレXX,エマ,2017年11月,5.5号機,ノーマル
パチスロコードギアス 反逆のルルーシュR2 C.C.ver.,サミー,2018年01月,5.9号機,RT
EVANGELION 30ΦMODEL,ビスティ,2018年01月,5.9号機,ノーマル、30Φ
パチスロ烈火の炎,ニューギン,2018年01月,5.9号機,ART、RT
乙女マスターズ～空を翔る白き軌跡～,オリンピア,2018年02月,5.9号機,RT
パチスロ GATE,ネット,2018年02月,5.9号機,RT
ニューラッキージャックポット7Ver.,岡崎産業,2018年01月,5.9号機,RT
トリプルクラウンZEROII SECOND EDITION,清龍ゲームジャパン,2018年01月,5.9号機,ノーマル、30Φ
新世紀エヴァンゲリオン～まごころを、君に～2,ビスティ,2018年02月,5.9号機,RT
パチスロ戦場のヴァルキュリア,タイヨーエレック,2018年02月,5.9号機,ART
ニューシオサイ‐30「2018年」,パイオニア,2018年02月,5.9号機,RT、30Φ
コンチネンタルゼロ,ユニバーサルブロス,2018年02月,5.9号機,ノーマル
パチスロ マイケル・ジャクソン,SANKYO,2018年03月,5.9号機,ART
不二子 TYPE A+,オリンピア,2018年04月,5.9号機,RT
ビッグアップ,ヤーマ,2018年03月,5.9号機,RT
ドリームクルーン500,オーイズミ,2018年03月,5.9号機,ノーマル
押忍!番長A,大都技研,2018年03月,5.9号機,RT
パチスロ超GANTZ,スパイキー,2018年03月,5.9号機,ノーマル
パチスロ これはゾンビですか?,北電子,2018年04月,5.9号機,ART
カンフーレディ・テトラ,山佐,2018年03月,5.9号機,RT
パチスロガールズガンズグルービー,ニューギン,2018年03月,5.9号機,RT
マジカルハロウィン6,KPE,2018年05月,5.9号機,ART
パチスロ大海物語4,三洋物産,2018年05月,5.9号機,RT
パチスロ北斗の拳 修羅の国篇 羅刹ver.,サミー,2018年05月,5.9号機,RT
パチスロ 楽シーサー30Φ,ジェイビー,2018年05月,5.9号機,ノーマル、30Φ
パチスロ FAIRY TAIL,藤商事,2018年04月,5.9号機,ART
SLOTパックマン,メーシー,2018年04月,5.9号機,ノーマル
十字架4,ネット,2018年06月,5.9号機,ART
ちゃぶ台返し,ベルコ,2018年06月,5.9号機,ノーマル
パチスロ黄門ちゃまV,オリンピア,2018年06月,5.9号機,ART
秘宝伝 Rev.,サボハニ,2018年05月,5.9号機,ART
シークレットハイビスカス,パイオニア,2018年05月,5.9号機,ノーマル
パチスロディスクアップ,銀座,2018年06月,5.9号機,ART
パチスロ 貞子 vs 伽椰子,藤商事,2018年05月,5.9号機,RT
ゆるせぽね,ミズホ,2018年06月,5.9号機,RT
パチスロ トータル・イクリプスLv.MAX‐RT,ビスティ,2018年06月,5.9号機,RT
パチスロ 天元突破グレンラガン極,スパイキー,2018年06月,5.9号機,RT
パチスロ ダンガンロンパ,ニューギン,2018年07月,5.9号機,ART
パチスロ ウィザード・バリスターズ~弁魔士セシル,オーイズミ,2018年08月,5.9号機,ART
パチスロ学園黙示録ハイスクール・オブ・ザ・デッド,山佐,2018年06月,5.9号機,ART
パチスロ 美ラメキ!,藤商事,2018年06月,5.9号機,ART
パチスロ 大神,エンターライズ,2018年06月,5.9号機,ART
エルインカ～黄金文明～,KPE,2018年07月,5.9号機,RT
SLOTハイスクール・フリート,ユニバーサルブロス,2018年07月,5.9号機,ART
パチスロ蒼き鋼のアルペジオ ‐アルス・ノヴァ‐ Mental Model ver.,タイヨーエレック,2018年08月,5.9号機,RT
マイジャグラーIV,北電子,2018年07月,5.9号機,ノーマル
クロノス～刻の支配者～,ベルコ,2018年08月,5.9号機,ART
沖ドキ!バケーション,アクロス,2018年06月,5.9号機,ノーマル
沖ドキ!バケーション‐30,アクロス,2018年06月,5.9号機,ノーマル、30Φ
ルーレットクイーン‐女神の羅針盤‐,コナミアミューズメント,2018年08月,5.9号機,ART
パチスロ オリスロAA,JPS,2018年06月,5.9号機,ノーマル
マシマシ,パイオニア,2018年08月,5.9号機,RT
マシマシ‐30,パイオニア,2018年08月,5.9号機,RT、30Φ
グレート69～TOMOLER～,バルテック,2018年06月,5.9号機,ノーマル
パチスロ 闇芝居,ネット,2018年09月,5.9号機,ノーマル
雷雷弁慶,ボーダー,2018年07月,5.9号機,ノーマル
パチスロ ルパン三世 世界解剖,オリンピア,2018年07月,5.9号機,ノーマル
パチスロ 花人‐はなんちゅ‐,スパイキー,2018年08月,5.9号機,ART
ストリートファイターⅤ,エンターライズ,2018年07月,5.9号機,ART
クレアの秘宝伝～女神の夢と魔法の遺跡～,パオン・ディーピー,2018年08月,5.9号機,RT
パチスロ ハクション大魔王,JPS,2018年09月,5.9号機,RT
パチスロ ベン・トー ~狼たちの夜~,バルテック,2018年07月,5.9号機,RT
スーパービンゴリバース,ベルコ,2018年09月,5.9号機,ART
南国育ち～蝶々ver～25,アムテックス,2018年09月,5.9号機,ART
ハイカ101,山佐,2018年08月,5.9号機,RT
ロックマン アビリティ 史上最大の試練,スパイキー,2018年09月,5.9号機,RT
南国育ち～蝶々ver～30,アムテックス,2018年09月,5.9号機,ART、30Φ
A‐SLOT ツインエンジェルBREAK,サミー,2018年08月,5.9号機,RT
SLOTファミリースタジアム,メーシー,2018年08月,5.9号機,RT
パチスロ大海物語4 with すーぱーそに子,三洋物産,2018年10月,5.9号機,RT
アレックス,アクロス,2018年09月,5.9号機,ノーマル
スーパープラネットSP,山佐,2018年11月,5.9号機,ノーマル
トリプルクラウンX‐30,清龍ゲームジャパン,2018年09月,5.9号機,ノーマル、30Φ
ツインドラゴンハナハナ‐30,パイオニア,2018年10月,5.9号機,ノーマル、30Φ
パチスロ ダンジョンに出会いを求めるのは間違っているだろうか,北電子,2018年11月,5.9号機,ノーマル
パチスロ 戦国乙女 TYPE‐A+,オリンピア,2018年09月,5.9号機,RT
パチスロらんま1/2W,エキサイト,2018年11月,5.9号機,ART
デュエルドラゴンプラス,ミズホ,2018年10月,5.9号機,RT
南国育ちA/2H‐30,平和,2018年09月,5.9号機,ノーマル、30Φ
パチスロ マッハGoGoGo,七匠,2018年12月,5.9号機,RT
パチスロ巨人の星～情熱編～,サンセイR&D,2018年12月,5.9号機,ART
回胴黙示録カイジ4,サミー,2018年12月,5.9号機,ART
ドリームクルーン711,オーイズミ,2018年12月,5.9号機,ART
BIOHAZARD INTO THE PANIC,スパイキー,2018年11月,5.9号機,ノーマル
戦国パチスロ花の慶次～天を穿つ戦槍～剛弓ver.,ニューギン,2019年01月,5.9号機,ART
ミリオンルーレット,コナミアミューズメント,2019年02月,5.9号機,ノーマル
アナザーゴッドハーデス‐冥王召喚‐,ミズホ,2018年12月,5.9号機,ART
戦国BASARA HEROES PARTY,エンターライズ,2019年01月,5.9号機,ART
ぱちスロAKB48 エンジェル,京楽,2019年01月,5.9号機,ノーマル
A‐SLOT DARTSLIVE,サミー,2019年02月,5.9号機,RT
ニューパルサーDX～チェリーバージョン～,山佐,2019年02月,5.9号機,ノーマル
ゴーゴージャグラー2,北電子,2019年04月,5.9号機,ノーマル
戦国パチスロ義風堂々!!～兼続と慶次～,エキサイト,2019年04月,5.9号機,RT
プレミアムハナハナ‐30,パイオニア,2019年04月,5.9号機,ノーマル、30Φ
ジャングルマスターコングダム,山佐,2019年05月,5.9号機,RT
ワンダフルジャック,岡崎産業,2019年04月,5.9号機,ノーマル
新世紀エヴァンゲリオン～まごころを、君に～2,ビスティ,2019年04月,5.9号機,RT
ハナビ通,アクロス,2019年05月,5.9号機,RT
咲桜弁慶,ボーダー,2019年06月,5.9号機,ノーマル
ネオアイムジャグラーEX,北電子,2025年09月,6.6号機,ノーマル
ハイビリターン-30,パイオニア,2025年07月,6.6号機,AT、30Φ
わたしの幸せな結婚,KPE,2025年07月,スマスロ,AT
LB パチスロ1000ちゃんA,オーイズミラボ,2025年06月,スマスロ,BT
LBジャックポット,ヤーマ,2025年06月,スマスロ,BT
ＬＢプレミアムうまい棒,オリンピアエステート,2025年06月,スマスロ,BT
スマスロ ギルティクラウン2,アクロス,2025年06月,スマスロ,AT
スマスロニューパルサーBT,山佐,2025年06月,スマスロ,BT
翔べ！ハーレムエース,カルミナ,2025年06月,スマスロ,BT
LToLOVEるダークネス TRANCE ver.8.7,オリンピアエステート,2025年05月,スマスロ,AT
花笠,ネット,2025年05月,スマスロ,AT
Ｌパチスロ 機動戦士ガンダムSEED,ビスティ,2025年05月,スマスロ,AT
スマスロ ようこそ実力至上主義の教室へ,DAXEL,2025年05月,スマスロ,AT
スマスロ 緑ドン VIVA!情熱南米編 REVIVAL,ユニバーサルブロス,2025年05月,スマスロ,AT
L 麻雀物語,オリンピアエステート,2025年04月,スマスロ,AT
スマスロ アイドルマスター ミリオンライブ！ ネクストプロローグ,山佐,2025年04月,スマスロ,A+AT
吉宗,サボハニ,2025年04月,スマスロ,AT
Lうしおととら白面決戦VH,アイドル,2025年04月,スマスロ,AT
Lゴジラ,ニューギン,2025年04月,スマスロ,AT
"スマート沖スロ,アメイジングライブ",パイオニア,2025年04月,スマスロ,AT
スマスロ マギアレコード 魔法少女まどか☆マギカ外伝,ミズホ,2025年04月,スマスロ,AT
L 仮面ライダー電王,SUN SUN SUN,2025年03月,スマスロ,AT
L少女☆歌劇 レヴュースタァライト -The SLOT-,オーイズミ,2025年03月,スマスロ,A+AT
Sister Quest(シスタークエスト),カルミナ,2025年03月,スマスロ,AT
スマスロ バイオハザード5,エンターライズ,2025年03月,スマスロ,AT
てぃだどんどん,パオン・ディーピー,2025年03月,スマスロ,AT
回胴黙示録カイジ 狂宴,ロデオ,2025年03月,スマスロ,AT
L 東京喰種,スパイキー,2025年02月,スマスロ,AT
Lパチスロ ありふれた職業で世界最強,ジェイビー,2025年02月,スマスロ,AT
スマスロ シャーマンキング,エレコ,2025年02月,スマスロ,AT
スマスロスーパーブラックジャック,セブンリーグ,2025年02月,スマスロ,AT
A-SLOT+ ディスクアップ ULTRAREMIX,タイヨーエレック,2025年01月,スマスロ,AT
L にゃんこ大戦争 超神速,京楽産業.,2025年01月,スマスロ,AT
L 島娘,オリンピア,2025年01月,スマスロ,AT
Ｌパチスロ シン・エヴァンゲリオン,ビスティ,2025年01月,スマスロ,AT
スマート沖スロ スターハナハナ,パイオニア,2025年01月,スマスロ,ノーマル
七つの魔剣が支配する,KPE,2025年01月,スマスロ,AT
L サラリーマン金太郎,EXCITE,2025年01月,スマスロ,AT
スターハナハナ-30,パイオニア,2025年01月,6.5号機,ノーマル、30Φ
チバリヨ2プラス,オーゼキ,2025年01月,スマスロ,AT
Lスーパービンゴネオ,ベルコ,2024年12月,スマスロ,AT
Lパチスロ ダンベル何キロ持てる？,SANKYO,2024年12月,スマスロ,AT
スマスロ 一方通行 とある魔術の禁書目録,オレンジ,2024年12月,スマスロ,AT
Lルパン三世 大航海者の秘宝,平和,2024年12月,スマスロ,AT
L犬夜叉2,エフ,2024年12月,スマスロ,AT
ウルトラミラクルジャグラー,北電子,2024年12月,6.5号機,ノーマル
スマスロ 聖戦士ダンバイン,銀座,2024年12月,スマスロ,AT
桃太郎電鉄 ～パチスロも定番！～,KPE,2024年12月,スマスロ,AT
沖ドキ！ゴージャス25Φ,ミズホ,2024年12月,6.6号機,AT
沖ドキ！ゴージャス30Φ,エレコ,2024年12月,6.6号機,AT、30Φ
Lダブルアタック2 withOZS-1000＆RAPHAEL,オーイズミ,2024年11月,スマスロ,AT
"スマート沖スロ,超華祭",パイオニア,2024年11月,スマスロ,AT
スマスロ モンスターハンターライズ,アデリオン,2024年11月,スマスロ,AT
L 新・必殺仕置人 回胴 CRASH SPEC,京楽産業.,2024年11月,スマスロ,AT
スマスロ頭文字D 2nd,ロデオ,2024年10月,スマスロ,AT
スロット Re:ゼロから始める異世界生活 Season2,パオン・ディーピー,2024年10月,スマスロ,AT
L 真・一騎当千,Daiichi,2024年10月,スマスロ,AT
スマスロ 鬼武者3,アデリオン,2024年10月,スマスロ,AT
今日から俺は!! パチスロ編,ファイトクラブ,2024年10月,スマスロ,AT
Lバンドリ！,オリンピアエステート,2024年11月,スマスロ,AT
Lパチスロ 炎炎ノ消防隊,ジェイビー,2024年05月,スマスロ,AT
ニューパルサーSP4 with 太鼓の達人,セブンリーグ,2024年05月,6.5号機,ノーマル
沖シーサー-30,ヤーマ,2024年05月,6.5号機,ノーマル、30Φ
Lウルトラマンティガ,京楽産業.,2024年05月,スマスロ,AT
スマスロ交響詩篇エウレカセブン4 HI-EVOLUTION,銀座,2024年05月,スマスロ,AT
スマスロ ストリートファイターＶ 挑戦者の道,エンターライズ,2024年06月,スマスロ,AT
L ToLOVEるダークネス,オリンピアエステート,2024年06月,スマスロ,AT
L聖闘士星矢 海皇覚醒 CUSTOM EDITION,サンスリー,2024年06月,スマスロ,AT
スマスロ痛いのは嫌なので防御力に極振りしたいと思います。,ロデオ,2024年06月,スマスロ,AT
アオハル♪操 A-LIVE,大都技研,2024年06月,6.5号機,AT
沖ドキ！BLACK,ミズホ,2024年07月,6.5号機,AT
スマスロ ゴッドイーター リザレクション,セブンリーグ,2024年07月,スマスロ,AT
ミスタージャグラー,北電子,2024年07月,6.5号機,ノーマル
賞金首Angel,ネット,2024年07月,スマスロ,AT
スロット ゾンビランドサガ,大都技研,2024年07月,スマスロ,AT
Sバハマ30,アムテックス,2024年07月,6.5号機,AT、30Φ
Sご〜やちゃんぷる〜 30Φ,オッケー.,2024年07月,6.5号機,AT、30Φ
Lパチスロ戦姫絶唱シンフォギア 正義の歌,ジェイビー,2024年07月,スマスロ,AT
スマスロ真・北斗無双,ロデオ,2024年07月,スマスロ,AT
Sご〜やちゃんぷる〜 25Φ,京楽産業.,2024年07月,6.5号機,AT
L アカメが斬る! 2,新日テクノロジー,2024年07月,スマスロ,A+AT
Lワンパンマン,EXCITE,2024年08月,スマスロ,AT
スマスロ ゲゲゲの鬼太郎 覚醒,JFJ,2024年08月,スマスロ,AT
スマスロ トロピカーナ,ミズホ,2024年08月,スマスロ,AT
L D4DJ Pachi-Slot Mix,京楽産業.,2024年08月,スマスロ,AT
パチスロハイパーラッシュ,セブンリーグ,2024年09月,6.5号機,AT
パチスロ かぐや様は告らせたい,SANKYO,2024年09月,スマスロ,AT
パチスロ L黄門ちゃま天,オリンピア,2024年09月,スマスロ,AT
Lパチスロ閃乱カグラ2 SHINOVI MASTER,オーイズミラボ,2024年09月,スマスロ,A+AT
A-SLOT+ この素晴らしい世界に祝福を!,ロデオ,2024年09月,スマスロ,A+AT
パチスロ「ダンジョンに出会いを求めるのは間違っているだろうか２」,ゼクロスクリエイティブ,2024年04月,6.5号機,A+ART
押忍！番長４,大都技研,2024年04月,スマスロ,AT
パチスロ金のかぼちゃ,バルテック,2024年04月,6.5号機,AT
Lうる星やつら,EXCITE,2024年04月,スマスロ,AT
スマスロ ゴールデンカムイ,銀座,2024年04月,スマスロ,AT
スマスロ ストライク・ザ・ブラッド,エンターライズ,2024年04月,スマスロ,A+AT
SLOT忍者じゃじゃ丸くん,エレコ,2024年03月,6.5号機,AT
忍魂参 〜奥義皆伝ノ章〜,大都技研,2024年03月,スマスロ,AT
スマート沖スロ ドラゴンハナハナ～閃光～,ピーセカンド,2024年03月,スマスロ,ノーマル
ドラゴンハナハナ〜閃光〜（25Φ）,パイオニア,2024年03月,6.5号機,ノーマル
L南国育ち,オリンピアエステート,2024年03月,スマスロ,AT
スマスロキングパルサー,セブンリーグ,2024年03月,スマスロ,AT
チバリヨ2,オーゼキ,2024年03月,スマスロ,AT
パチスロ ガメラ2,タイヨーエレック,2024年03月,6.5号機,AT
GⅠ優駿倶楽部黄金,コナミアミューズメント,2024年02月,スマスロ,AT
Lゴジラ対エヴァンゲリオン,ビスティ,2024年02月,スマスロ,AT
Lストライクウィッチーズ2,サンスリー,2024年02月,スマスロ,AT
Lパチスロガールズ&パンツァー 最終章,平和,2024年02月,スマスロ,AT
Sky Love(スカイラブ),ネット,2024年02月,スマスロ,AT
スマスロ コードギアス 反逆のルルーシュ/復活のルルーシュ,サミー,2024年02月,スマスロ,AT
スロット冴えない彼女の育てかた,サボハニ,2024年02月,スマスロ,AT
ワードオブライツⅡ,エレコ,2024年02月,6.5号機,A+AT
L 仮面ライダー 7RIDERS,SUN SUN SUN,2024年01月,スマスロ,AT
Lパチスロ マクロスフロンティア4,SANKYO,2024年01月,スマスロ,AT
スマスロ バイオハザード™ ヴィレッジ,アデリオン,2024年01月,スマスロ,AT
パチスロ武装神姫,KPE,2024年01月,6.5号機,AT
吉宗ＲＩＳＩＮＧ,サボハニ,2024年01月,スマスロ,AT
スマスロバジリスク～甲賀忍法帖～絆2 天膳 BLACK EDITION,エレコ,2023年12月,スマスロ,AT
パチスロファイヤードリフト,ロデオ,2023年12月,6.5号機,AT
Lパチスロ花の慶次〜佐渡攻めの章〜,EXCITE,2023年12月,スマスロ,AT
Lラブ嬢3〜Wご指名はいかがですか？〜,アムテックス,2023年12月,スマスロ,AT
Lリングにかけろ1V,エフ,2023年12月,スマスロ,AT
スマスロモンキーターンV,山佐,2023年12月,スマスロ,AT
ニューシオサイ,ピーセカンド,2023年12月,6.5号機,A＋RT
パチスロ琉神－30 スイカバージョン,オレンジ,2023年12月,6.5号機,AT、30Φ
マジカルハロウィン8,コナミアミューズメント,2023年12月,スマスロ,A+ART
パチスロ ケンガンアシュラ,ネット,2023年11月,スマスロ,AT
Lとある魔術の禁書目録,JFJ,2023年11月,スマスロ,AT
Lパチスロひぐらしのなく頃に,ディ・ライト,2023年11月,スマスロ,A+ART
L大工の源さん 超夢源,サンスリー,2023年11月,スマスロ,AT
スマスロ劇場版 魔法少女まどか☆マギカ[前編]始まりの物語／[後編]永遠の物語f-フォルテ-,メーシー,2023年11月,スマスロ,AT
デジスロ JAC IN バージョン,ベルコ,2023年11月,6.5号機,AT
パチスロ交響詩篇エウレカセブン HI-EVOLUTION ZERO TYPE-ART,タイヨーエレック,2023年11月,6.5号機,A+ART
Ｌエヴァンゲリオン～未来への創造～,ビスティ,2023年10月,スマスロ,AT
スーハナライジング-30,パイオニア,2023年10月,6.5号機,AT、30Φ
スマスロ転生したらスライムだった件,山佐,2023年10月,スマスロ,AT
燃えチバ-30,ネット,2023年10月,6.5号機,AT、30Φ
戦国コレクション５超極楽LOOP,コナミアミューズメント,2023年09月,スマスロ,AT
麻雀格闘倶楽部 覚醒,コナミアミューズメント,2023年09月,スマスロ,AT
L009 RE:CYBORG,ニューギン,2023年09月,スマスロ,AT
L戦国乙女4 戦乱に閃く炯眼の軍師,オリンピアエステート,2023年09月,スマスロ,AT
パチスロ傷物語 -始マリノ刻-,ロデオ,2023年09月,6.5号機,AT
ファミスタ回胴版!!,ユニバーサルブロス,2023年09月,6.5号機,A+ART
回胴式遊技機グランベルム,ゼクロスクリエイティブ,2023年09月,6.5号機,AT
Lパチスロ乃木坂46,SUN SUN SUN,2023年08月,スマスロ,AT
スーパービンゴネオクラシック,ベルコ,2023年08月,6.5号機,AT
スーパービンゴネオクラシック-30,ヤーマ,2023年08月,6.5号機,AT、30Φ
スマスロ 戦国BASARA GIGA,エンターライズ,2023年08月,スマスロ,AT
スマスロキン肉マン〜7人の悪魔超人編〜,セブンリーグ,2023年08月,スマスロ,AT
防空少女ラブキューレ2〜極限の共鳴〜,KPE,2023年08月,スマスロ,A+ART
スマスロ バイオハザード:ヴェンデッタ,ロデオ,2023年07月,スマスロ,AT
S織田信奈の野望 全国版,新日テクノロジー,2023年07月,6.5号機,AT
パチスロ 戦国†恋姫,藤商事,2023年07月,6.5号機,AT
ゴーゴージャグラー3,北電子,2023年07月,6.5号機,ノーマル
パチスロ からくりサーカス,SANKYO,2023年07月,スマスロ,AT
パチスロナイツ,山佐ネクスト,2023年07月,6.5号機,AT
SOZ1-AA-30,オズ,2023年06月,6.5号機,ノーマル、30Φ
Lベルセルク無双,EXCITE,2023年06月,スマスロ,AT
SLOTメイドインアビス,ミズホ,2023年06月,6.5号機,AT
ウルトラちゃぶ台返し,ベルコ,2023年06月,6.5号機,AT
パチスロ コードギアス 反逆のルルーシュ3 C.C.&Kallen ver.,ロデオ,2023年06月,6.5号機,A+AT
ぱちスロ にゃんこ大戦争 BIGBANG,京楽産業.,2023年06月,スマスロ,AT
真天下布武,山佐,2023年06月,6.5号機,AT
ジャベリン,ジェイピーエス,2023年05月,6.5号機,AT
課長 熊田工作,オーゼキ,2023年05月,6.5号機,AT
スロット ソードアート・オンライン,大都技研,2023年05月,スマスロ,AT
L主役は銭形4,オリンピア,2023年05月,スマスロ,AT
パチスロ 炎炎ノ消防隊,SANKYO,2023年05月,6.5号機,AT
マイフラワー2-30,北電子,2023年05月,6.5号機,AT、30Φ
Lゴブリンスレイヤー,オレンジ,2023年04月,スマスロ,AT
アナザーゴッドハーデス-解き放たれし槍撃ver.-,ミズホ,2023年04月,6.5号機,AT
スマスロ北斗の拳,タイヨーエレック,2023年04月,スマスロ,AT
キングハナハナ-30,パイオニア,2023年03月,6.5号機,ノーマル、30Φ
スロドル,コナミアミューズメント,2023年03月,6.5号機,AT
パチスロOVERLORD絶対支配者光臨Ⅱ,オーイズミ,2023年03月,6.5号機,AT
S機動戦士ガンダムユニコーン,ビスティ,2023年03月,6.5号機,AT
戦国コレクション5,KPE,2023年03月,6.5号機,AT
パチスロ 探偵オペラ ミルキィホームズR 大収穫祭!!!!,カルミナ,2023年02月,6.5号機,AT
パチスロ盾の勇者の成り上がり,銀座,2023年02月,6.5号機,AT
パチスロ 緋弾のアリアⅡ,JFJ,2023年02月,6.5号機,AT
パチスロ戦国無双3,山佐ネクスト,2023年02月,6.5号機,AT
S大花満,ジェイピーエス,2023年01月,6.5号機,AT
パチスロ モンスターハンターワールド:アイスボーンTM,エンターライズ,2023年01月,6.5号機,AT
SモモキュンソードDX,DAXEL,2023年01月,6.5号機,AT
パチスロ 真俺の空,スパイキー,2022年12月,6.5号機,AT
もっと！チバリヨ-30,ネット,2022年12月,6.4号機,AT、30Φ
沖ドキ！GOLD,ユニバーサルブロス,2022年12月,6.5号機,AT
沖ドキ！GOLD-30,ミズホ,2022年12月,6.5号機,AT、30Φ
ＨＥＹ！エリートサラリーマン鏡,パオン・ディーピー,2022年12月,スマスロ,AT
パチスロ幼女戦記,サミー,2022年12月,6.5号機,AT
パチスロ這いよれ！ニャル子さん,EXCITE,2022年12月,6.5号機,AT
Lバキ 強くなりたくば喰らえ！！！,オリンピア,2022年11月,スマスロ,AT
スマスロリノヘブン,山佐,2022年11月,スマスロ,AT
パチスロ 革命機ヴァルヴレイヴ,SANKYO,2022年11月,スマスロ,AT
SLOTとある科学の超電磁砲,藤商事,2022年11月,6.5号機,AT
パチスロ鉄拳4アルティメットデビルVer.,山佐,2022年11月,6.5号機,AT
ラストユートピア,パイオニア,2022年11月,不明,ノーマル
花火絶景,ミズホ,2022年11月,6.2号機,AT
ハッピージャグラーＶⅢ,北電子,2022年10月,不明,ノーマル
パチスロ ダンまち外伝 ソード・オラトリア,ゼクロスクリエイティブ,2022年10月,6.4号機,AT
パチスロ 魔法少女育成計画,カルミナ,2022年10月,6.5号機,A+ART
パチスロ バイオハザード RE:2,アデリオン,2022年10月,6.5号機,AT
パチスロハードボイルド,タイヨーエレック,2022年10月,6.5号機,AT
笑ゥせぇるすまん4,三洋物産,2022年10月,6.5号機,AT
SBIG島唄30,オリンピアエステート,2022年09月,6.5号機,AT、30Φ
パチスロBOØWY,ディ・ライト,2022年09月,6.5号機,AT
CREA Newクレアの秘宝伝,大都技研,2022年09月,6.0号機,ノーマル
Sアバサー,アムテックス,2022年09月,6.2号機,ノーマル
Sアバサー30,アムテックス,2022年09月,6.2号機,ノーマル、30Φ
ヴィーナスゾーン,パイオニア,2022年09月,6.2号機,ノーマル
スーパーリオエース,山佐,2022年09月,6.5号機,AT
パチスロペルソナ5,ロデオ,2022年09月,6.5号機,A+AT
ボンバーガール,KPE,2022年09月,6.5号機,A+AT
パチスロ閃乱カグラ BURST UP,オーイズミ,2022年08月,6.5号機,AT
パチスロ 新鬼武者2,エンターライズ,2022年08月,6.5号機,AT
政宗 戦極,大都技研,2022年08月,6.5号機,AT
S黄門ちゃま喝2,オリンピア,2022年08月,6.5号機,AT
パチスロ FAIRY TAIL2,藤商事,2022年08月,6.5号機,AT
パチスロ鉄拳5,山佐,2022年07月,6.5号機,A+AT
スーパーハナハナ2-30,パイオニア,2022年07月,6.4号機,AT、30Φ
ニューゲッターマウス,エレコ,2022年07月,6.2号機,ノーマル
パチスロ アクエリオン ALL STARS,SANKYO,2022年07月,6.5号機,AT
パチスロ犬夜叉,クロスアルファ,2022年07月,6.5号機,AT
パチスロ甲鉄城のカバネリ,サミー,2022年07月,6.5号機,AT
Sキャッツ・アイ,平和,2022年06月,6.5号機,A+AT
シリウス,ヤーマ,2022年06月,6.5号機,AT
パチスロ ピンクパンサーSP,山佐,2022年06月,6.2号機,A+ART
ぱちすろ けものフレンズ,ロデオ,2022年05月,6.2号機,AT
SLOT STEINS;GATE,メーシー,2022年05月,6.2号機,AT
Sスーパー海物語 IN JAPAN祭,サンスリー,2022年05月,6.4号機,AT
パチスロ ゼーガペイン2,山佐,2022年05月,6.2号機,A+AT
Ｓ２０２７ＤＢ,ジェイピーエス,2022年04月,6.2号機,ノーマル
パチスロ 月華 雅,エンターライズ,2022年04月,6.2号機,AT
十字架5,オーゼキ,2022年04月,6.2号機,AT
超ギラギラ爺サマー,サボハニ,2022年04月,6.1号機,AT
アカジン－３０,バルテック,2022年04月,6.2号機,AT、30Φ
SLOTえとたま,メーシー,2022年04月,6.2号機,AT
ぱちスロ ウルトラマンタロウ 暴君SPEC,オッケー.,2022年04月,6.2号機,AT
パチスロこの素晴らしい世界に祝福を！,サミー,2022年04月,6.2号機,AT
パチスロひぐらしのなく頃に祭2カケラ遊び編,オーイズミラボ,2022年04月,6.4号機,AT
Sナナイロサンゴ,バルテック,2022年03月,6.0号機,ノーマル
沖縄フェスティバル-30,パイオニア,2022年03月,6.2号機,ノーマル、30Φ
Sルパン三世,オリンピア,2022年03月,6.2号機,AT
パチスロ TIGER & BUNNY SP,山佐ネクスト,2022年03月,6.2号機,AT
パチスロ デビル メイ クライ 5,アデリオン,2022年03月,6.2号機,AT
パチスロ蒼天の拳4,銀座,2022年03月,6.2号機,AT
パチスロ 言い訳はさせないわよ by 激壇蜜,ボーダー,2022年02月,6.0号機,ノーマル
メルヘンクエスト,ジェイピーエス,2022年02月,6.0号機,ノーマル
押忍！番長ZERO,パオン・ディーピー,2022年01月,6.2号機,AT
HYPER A-30 BLUE FALCON,DAXEL,2022年01月,6.2号機,ノーマル、30Φ
S春一番DE,DAXEL,2022年01月,6.2号機,AT
S聖闘士星矢 冥王復活,三洋物産,2022年01月,6.2号機,AT
ハイスクールD×D２ ハーレム王に俺はなる,コナミアミューズメント,2022年01月,6.1号機,AT
ぱちスロ ギャグダー,京楽産業.,2022年01月,6.2号機,AT
パチスロアラジンAクラシック,銀座,2022年01月,6.2号機,AT
パチスロディスクアップ2,サミー,2022年01月,6.1号機,A+AT
ハナハナホウオウ～天翔～,パイオニア,2022年01月,6.0号機,ノーマル
ハナハナホウオウ～天翔～ 30,パイオニア,2022年01月,6.0号機,ノーマル、30Φ
南国物語30,アムテックス,2022年01月,6.0号機,ノーマル、30Φ
来雷エイサーEX-30,オーイズミ,2022年01月,6.0号機,ノーマル
沖ワニマル 25,バルテック,2022年01月,6.1号機,AT
沖ワニマル 30,バルテック,2022年01月,6.1号機,AT、30Φ
スーパーリノSP,山佐ネクスト,2022年01月,6.0号機,ノーマル
バーサスリヴァイズ,エレコ,2022年01月,6.0号機,A＋RT
鬼浜爆走紅蓮隊 激闘謳歌編,ベルコ,2022年01月,6.1号機,AT
シンデレラブレイド4,ネット,2021年12月,6.2号機,AT
パチスロ リング運命の秒刻,藤商事,2021年12月,6.1号機,AT
パチスロ 戦姫絶唱シンフォギア 勇気の歌,SANKYO,2021年12月,6.2号機,AT
沖ドキ！DUO,アクロス,2021年12月,6.2号機,AT
沖ドキ！DUO-30,アクロス,2021年12月,6.2号機,AT、30Φ
秘宝伝～解き放たれた女神～,サボハニ,2021年12月,6.0号機,AT
うまい棒,アムテックス,2021年12月,6.0号機,ノーマル
S牙狼ー黄金騎士ー,サボハニ,2021年12月,6.2号機,AT
スターパルサー,山佐ネクスト,2021年12月,6.0号機,ノーマル
パチスロ モンスターハンター：ワールド™黄金狩猟,エンターライズ,2021年12月,6.2号機,AT
マイジャグラーV,北電子,2021年12月,6.0号機,ノーマル
主役は銭形3,平和,2021年12月,6.1号機,AT
泡盛,エレコ,2021年12月,6.1号機,ノーマル
Re:ゼロから始める異世界生活 Apex Vacation,サボハニ,2021年11月,6.1号機,A＋RT
パチスロ GANTZ極 THE SURVAIVAL GAME,エフ,2021年11月,6.2号機,AT
CCエンジェル,メーシー,2021年11月,6.1号機,A＋RT
ハイハイシオサイ2,パイオニア,2021年11月,6.0号機,ノーマル
パチスロANEMONE 交響詩篇エウレカセブン HI-EVOLUTION,ロデオ,2021年11月,6.2号機,AT
パチスロ戦国乙女 暁の関ヶ原-DARKNESS-,オリンピア,2021年11月,6.2号機,AT
SLOTタブー・タトゥー,ミズホ,2021年10月,6.1号機,AT
ニューパルサーDX3,山佐ネクスト,2021年10月,6.0号機,ノーマル
パチスロ かまいたちの夜,オーイズミ,2021年10月,6.1号機,A＋RT
パチスロツインエンジェル PARTY,サミー,2021年10月,6.1号機,A+AT
ファンキージャグラー2,北電子,2021年10月,6.0号機,ノーマル
HIT128,岡崎産業,2021年09月,6.0号機,AT
マジカルハロウィン~Trick or Treat!~,ファイトクラブ,2021年09月,6.2号機,A+ART
うしおととら 雷槍一閃,Daiichi,2021年09月,6.2号機,AT
パチスロ ロリクラ☆ほーるど！,DAXEL,2021年09月,6.1号機,AT
パチスロ楽園追放,ロデオ,2021年09月,6.1号機,AT
麻雀物語4,オリンピア,2021年09月,6.1号機,AT
GI優駿倶楽部3,KPE,2021年08月,6.1号機,AT
SLOT劇場版 魔法少女まどか☆マギカ[前編]始まりの物語／[後編]永遠の物語,ミズホ,2021年08月,6.1号機,AT
パチスロコードギアス 反逆のルルーシュ3,銀座,2021年08月,6.1号機,A+AT
もっと！ クレアの秘宝伝 女神の歌声と太陽の子供達,パオン・ディーピー,2021年08月,6.1号機,A＋RT
パチスロ東京レイヴンズ,オーイズミ,2021年07月,6.1号機,AT
パチスロ零,山佐ネクスト,2021年07月,6.1号機,AT
新ハナビ,エレコ,2021年07月,6.1号機,A＋RT
ノーゲーム・ノーライフ THE SLOT,北電子,2021年06月,6.1号機,AT
パチスロ 百花繚乱 サムライガールズ,エンターライズ,2021年06月,6.1号機,AT
パチスロガールズ＆パンツァー 劇場版,オリンピア,2021年06月,6.1号機,AT
パチスロガメラ,銀座,2021年06月,6.1号機,AT
パチスロ鉄拳4デビルVer.,セブンリーグ,2021年06月,6.1号機,AT
チバリヨ-30,オーゼキ,2021年05月,6.1号機,AT、30Φ
鬼浜爆走紅蓮隊 狂闘旅情編,ベルコ,2021年05月,6.1号機,AT
SLOTアルドノア・ゼロ,エレコ,2021年05月,6.1号機,AT
オリスロ4 PLUS,ジェイピーエス,2021年05月,6.0号機,ノーマル
パチスロ Wake UpGirls！Seven Memories,カルミナ,2021年05月,6.1号機,AT
豪炎高校應援團 檄,山佐ネクスト,2021年05月,6.1号機,AT
スーパーハナハナ,パイオニア,2021年04月,6.1号機,AT
スーパーハナハナ−30,パイオニア,2021年04月,6.1号機,AT、30Φ
デジスロ,ヤーマ,2021年04月,6.0号機,ノーマル
パチスロ マクロス デルタ,ジェイビー,2021年04月,6.1号機,AT
ぱちスロ 沖ハナ-30,オッケー.,2021年04月,6.1号機,AT、30Φ
パチスロAngel Beats!,タイヨーエレック,2021年04月,6.1号機,AT
ニューパルサーSP3,山佐ネクスト,2021年04月,6.0号機,ノーマル
絶対衝激3,スパイキー,2021年03月,6.1号機,AT
パチスロ アイドルマスター ミリオンライブ！,ビスティ,2021年03月,6.1号機,AT
パチスロ 青の祓魔師,オリンピア,2021年03月,6.0号機,AT
パチスロ北斗の拳 宿命,サミー,2021年03月,6.1号機,AT
ラブ嬢 2 プラス,オリンピア,2021年03月,6.1号機,AT
ワンチャンス 1000,ベルコ,2021年03月,6.1号機,AT
KING 黄門ちゃま,平和,2021年02月,6.1号機,AT
パチスロ ゴッドイーター ジ・アニメーション,セブンリーグ,2021年02月,6.1号機,AT
パチスロ バイオハザード7 レジデント イービル,アデリオン,2021年02月,6.1号機,AT
パチスロ フレームアームズ・ガール,ネット,2021年02月,6.1号機,AT
政宗３,大都技研,2021年02月,6.1号機,AT
S Lucky海物語,三洋物産,2021年01月,6.0号機,ノーマル
ニューハナハナゴールド-30,パイオニア,2021年01月,6.0号機,ノーマル、30Φ
パチスロ花の慶次〜武威,EXCITE,2021年01月,6.1号機,AT
パチスロ頭文字D,タイヨーエレック,2021年01月,6.1号機,A+AT
南国育ち-30,アムテックス,2021年01月,6.1号機,AT、30Φ
麻雀格闘倶楽部 真,コナミアミューズメント,2021年01月,6.1号機,AT
戦国乙女3〜天剣を継ぐもの〜,平和,2021年01月,6.0号機,AT
パチスロ 哲也 −天運地力−,ディ・ライト,2020年12月,6.1号機,AT
パチスロひぐらしのなく頃に祭2,オーイズミ,2020年12月,6.1号機,A+ART
アイムジャグラーEX,北電子,2020年12月,6.0号機,ノーマル
パチスロ モンスターハンター：ワールドTM,エンターライズ,2020年11月,6.1号機,AT
〜ガールズケイリン〜GIフェアリーグランプリ,コナミアミューズメント,2020年11月,6.1号機,AT
アカメが斬る！,七匠,2020年11月,6.0号機,AT
パチスロ七つの大罪,タイヨーエレック,2020年11月,6.1号機,AT
パチスロ学園黙示録ハイスクール・オブ・ザ・デッド ゴールド,セブンリーグ,2020年11月,6.1号機,AT
華祭(ハナマツリ),パイオニア,2020年11月,6.0号機,AT
回胴黙示録カイジ〜沼〜,銀座,2020年10月,6.0号機,AT
S笑ゥせぇるすまん 絶笑,サンスリー,2020年10月,6.1号機,AT
吉宗３,サボハニ,2020年10月,6.0号機,AT
PACHISLOT リングにかけろ1 ワールドチャンピオンカーニバル編,スパイキー,2020年09月,6.1号機,AT
対魔導学園35試験小隊,平和,2020年09月,6.0号機,AT
アナターのオット?はーです,ミズホ,2020年09月,6.1号機,AT
ハイパーブラックジャック,オーゼキ,2020年08月,6.1号機,AT
戦国コレクション4,コナミアミューズメント,2020年08月,6.1号機,AT
シャア専用パチスロ 逆襲の赤い彗星,ビスティ,2020年08月,6.0号機,AT
パチスロ真・北斗無双,サミー,2020年07月,6.0号機,AT
BLACK LAGOON4,スパイキー,2020年07月,6.0号機,AT
パチスロ壇蜜(パチスロ言い訳はさせないわよ!by壇蜜),ボーダー,2020年07月,6.0号機,ノーマル
ワンバーS-30,ベルコ,2020年07月,6.0号機,AT、30Φ
ハイドラ-30,カルミナ,2020年05月,6.0号機,AT、30Φ
ビッグシオ-30,パイオニア,2020年05月,6.0号機,AT、30Φ
沖ドキ！2-30,アクロス,2020年05月,6.0号機,AT、30Φ
Ｓパチスロダイナマイトキング極,ディ・ライト,2020年05月,6.0号機,AT
パチスロ モンキーターン4,山佐,2020年05月,6.0号機,AT
Sヤッターマン絶対正義,サンスリー,2020年05月,6.0号機,AT
サンダーVライトニング,アクロス,2020年04月,6.0号機,ノーマル
押忍！サラリーマン番長２,大都技研,2020年04月,6.0号機,AT
スナイパイ71,カルミナ,2020年04月,6.0号機,AT
パチスロ咲-Saki-,サンスリー,2020年04月,6.0号機,AT
新鬼武者〜DAWN OF DREAMS〜,エンターライズ,2020年03月,6.0号機,AT
スペリオーレ,バルテック,2020年03月,6.0号機,AT
パチスロ〈物語〉シリーズ セカンドシーズン,タイヨーエレック,2020年03月,6.0号機,AT
みうのおしゃべりパチスロ,岡崎産業,2020年03月,6.0号機,AT
Diamond(ダイヤモンド),ジェイピーエス,2020年03月,6.0号機,ノーマル
S地獄少女 あとはあなたが決めることよ,藤商事,2020年03月,6.0号機,AT
いろはに愛姫,パオン・ディーピー,2020年03月,6.0号機,A+ART
エヴァンゲリオン フェスティバル,ビスティ,2020年03月,6.0号機,AT
キングオブジャック,ベルコ,2020年03月,6.0号機,AT
パチスロ ケロット4,セブンリーグ,2020年03月,6.0号機,ノーマル
パチスロ ハナペカ,ニューギン,2020年03月,6.0号機,AT
パチスロ ファンタシースターオンライン2,銀座,2020年02月,6.0号機,AT
SLOTバジリスク〜甲賀忍法帖〜絆2,ミズホ,2020年02月,6.0号機,AT
青鬼,オリンピア,2020年02月,6.0号機,AT
スカイガールズ〜ゼロノツバサ〜,KPE,2020年01月,6.0号機,AT
探偵オペラ ミルキィホームズ １／２の奇跡,カルミナ,2020年01月,6.0号機,AT
花伝,アムテックス,2020年01月,6.0号機,AT
花伝-30,アムテックス,2020年01月,6.0号機,AT、30Φ
"Sリング,恐襲ノ連鎖",JFJ,2020年01月,6.0号機,AT
パチスロ1000ちゃん,オーイズミ,2020年01月,6.0号機,A+AT
Ｓ沖っ娘,サンセイアールアンドディ,2019年12月,6.0号機,AT
パチスロ交響詩篇エウレカセブン3 HI-EVOLUTION ZERO,サミー,2019年12月,6.0号機,AT
S喰霊‐零‐ 運命乱〜うんめいのみだれ〜,JFJ,2019年12月,6.0号機,AT
ドリームクルーン2,オーイズミ,2019年12月,6.0号機,AT
パチスロ トータル・イクリプス2,SANKYO,2019年12月,6.0号機,AT
マジカルハロウィン７,コナミアミューズメント,2019年12月,6.0号機,AT
ルパン三世 イタリアの夢,平和,2019年12月,6.0号機,AT
天下布武4,セブンリーグ,2019年12月,6.0号機,AT
パチスロ サラリーマン金太郎〜MAX〜,EXCITE,2019年11月,6.0号機,AT
パチスロ 蒼穹のファフナーEXODUS,ビスティ,2019年11月,6.0号機,AT
パチスロ北斗の拳 天昇,タイヨーエレック,2019年11月,6.0号機,AT
ＰＹＲＡＭＩＤ ＥＹＥ（ピラミッドアイ）,大都技研,2019年10月,6.0号機,ノーマル
S呪怨 再誕AT,藤商事,2019年10月,6.0号機,AT
プレドキ！,ジェイピーエス,2019年10月,6.0号機,AT
闘魂継承アントニオ猪木という名のパチスロ機,オリンピア,2019年10月,6.0号機,AT
S 南国娘 2,平和,2019年10月,6.0号機,AT
S 南国娘 2-30,アムテックス,2019年10月,6.0号機,AT、30Φ
カードバトルパチスロ ガンダム クロスオーバー,ビスティ,2019年10月,6.0号機,AT
ドラゴンホイール,コナミアミューズメント,2019年10月,6.0号機,AT
スーパービンゴギャラクシー,ベルコ,2019年09月,6.0号機,AT
パチスロ ラブ嬢2,オリンピア,2019年09月,6.0号機,AT
SLOT劇場版魔法少女まどか☆マギカ[新編]叛逆の物語,メーシー,2019年09月,6.0号機,AT
パチスロ TIGER & BUNNY,山佐,2019年09月,6.0号機,AT
OVER-SLOT｢AINZ OOAL GOWN絶対支配者光臨｣,オーイズミ,2019年08月,6.0号機,AT
どき！すろ,ジェイピーエス,2019年08月,6.0号機,AT
花娘,ジェイピーエス,2019年08月,6.0号機,AT
ハイハイシオサイ,パイオニア,2019年08月,6.0号機,ノーマル
パチスロ 天元突破グレンラガン,七匠,2019年08月,6.0号機,AT
パチスロあの日見た花の名前を僕達はまだ知らない。,サミー,2019年08月,6.0号機,AT
バンバンクロス,サボハニ,2019年08月,6.0号機,ノーマル
麻雀格闘倶楽部参,コナミアミューズメント,2019年08月,6.0号機,AT
パチスロ鉄拳4,山佐,2019年07月,6.0号機,AT
ガールズ&パンツァーG〜これが私の戦車道です！〜,オリンピア,2019年07月,6.0号機,AT
スーパードラゴン,ネット,2019年06月,6.0号機,AT
実況BINGO倶楽部,KPE,2019年06月,6.0号機,AT
超AT 美ら沖,七匠,2019年06月,6.0号機,AT
天晴！モグモグ風林火山 全国制覇版,ネット,2019年05月,6.0号機,AT
パチスロ ボンバーパワフル3,SANKYO,2019年05月,6.0号機,AT
SLOTギャラガ,メーシー,2019年04月,6.0号機,AT
黄門ちゃまV 女神盛-MEGAMORI-,オリンピア,2019年04月,6.0号機,AT
マイフラワー30,北電子,2019年04月,6.0号機,AT、30Φ
ドンちゃん2,アクロス,2019年04月,6.0号機,A＋RT
パチスロ猛獣王 王者の咆哮,サミー,2019年04月,6.0号機,AT
CTザクザク七福神,山佐,2019年03月,6.0号機,A＋CT
Re:ゼロから始める異世界生活,大都技研,2019年03月,6.0号機,AT
パチスロおそ松さん〜驚〜,ディ・ライト,2019年03月,6.0号機,AT
アナザーハナビ弥生ちゃん,ユニバーサルブロス,2019年02月,6.0号機,AT
GI優駿倶楽部2,コナミアミューズメント,2019年02月,6.0号機,AT
パチスロ ヱヴァンゲリヲンAT777,ビスティ,2019年02月,6.0号機,AT
ぱちスロ ゲッターロボ,京楽産業.,2019年01月,6.0号機,ノーマル
島漢 25Φ,平和,2019年01月,6.0号機,AT
島漢 30Φ,アムテックス,2019年01月,6.0号機,AT、30Φ
パチスロ聖闘士星矢 海皇覚醒Special,三洋物産,2019年01月,6.0号機,AT
パチスロ蒼天の拳 朋友,サミー,2019年01月,6.0号機,AT
パチスロ ロード オブ ヴァーミリオン Re:,七匠,2018年12月,6.0号機,AT
スーパーリノXX,山佐,2018年12月,6.0号機,ノーマル
戦コレ！［泰平女君］徳川家康,コナミアミューズメント,2018年11月,6.0号機,AT
パチスロチェインクロニクル,サミー,2018年11月,6.0号機,AT
ＨＥＹ！鏡,大都技研,2018年10月,6.0号機,AT